-- ============================================================
-- ARELI - Correccion de nombres de ubicaciones Peru
-- Repara caracteres como FERRE\00D1AFE, CA\00D1ETE, NU\00D1OA, etc.
-- Fuente: https://github.com/RitchieRD/ubigeos-peru-data (CC0-1.0)
-- ============================================================

INSERT INTO peru_departments (ubigeo, name) VALUES
    ('01', U&'AMAZONAS'),
    ('02', U&'ANCASH'),
    ('03', U&'APURIMAC'),
    ('04', U&'AREQUIPA'),
    ('05', U&'AYACUCHO'),
    ('06', U&'CAJAMARCA'),
    ('07', U&'CALLAO'),
    ('08', U&'CUSCO'),
    ('09', U&'HUANCAVELICA'),
    ('10', U&'HUANUCO'),
    ('11', U&'ICA'),
    ('12', U&'JUNIN'),
    ('13', U&'LA LIBERTAD'),
    ('14', U&'LAMBAYEQUE'),
    ('15', U&'LIMA'),
    ('16', U&'LORETO'),
    ('17', U&'MADRE DE DIOS'),
    ('18', U&'MOQUEGUA'),
    ('19', U&'PASCO'),
    ('20', U&'PIURA'),
    ('21', U&'PUNO'),
    ('22', U&'SAN MARTIN'),
    ('23', U&'TACNA'),
    ('24', U&'TUMBES'),
    ('25', U&'UCAYALI')
ON CONFLICT (ubigeo) DO UPDATE SET name = EXCLUDED.name;

INSERT INTO peru_provinces (ubigeo, department_ubigeo, name) VALUES
    ('0101', '01', U&'CHACHAPOYAS'),
    ('0102', '01', U&'BAGUA'),
    ('0103', '01', U&'BONGARA'),
    ('0104', '01', U&'CONDORCANQUI'),
    ('0105', '01', U&'LUYA'),
    ('0106', '01', U&'RODRIGUEZ DE MENDOZA'),
    ('0107', '01', U&'UTCUBAMBA'),
    ('0201', '02', U&'HUARAZ'),
    ('0202', '02', U&'AIJA'),
    ('0203', '02', U&'ANTONIO RAYMONDI'),
    ('0204', '02', U&'ASUNCION'),
    ('0205', '02', U&'BOLOGNESI'),
    ('0206', '02', U&'CARHUAZ'),
    ('0207', '02', U&'CARLOS FERMIN FITZCARRALD'),
    ('0208', '02', U&'CASMA'),
    ('0209', '02', U&'CORONGO'),
    ('0210', '02', U&'HUARI'),
    ('0211', '02', U&'HUARMEY'),
    ('0212', '02', U&'HUAYLAS'),
    ('0213', '02', U&'MARISCAL LUZURIAGA'),
    ('0214', '02', U&'OCROS'),
    ('0215', '02', U&'PALLASCA'),
    ('0216', '02', U&'POMABAMBA'),
    ('0217', '02', U&'RECUAY'),
    ('0218', '02', U&'SANTA'),
    ('0219', '02', U&'SIHUAS'),
    ('0220', '02', U&'YUNGAY'),
    ('0301', '03', U&'ABANCAY'),
    ('0302', '03', U&'ANDAHUAYLAS'),
    ('0303', '03', U&'ANTABAMBA'),
    ('0304', '03', U&'AYMARAES'),
    ('0305', '03', U&'COTABAMBAS'),
    ('0306', '03', U&'CHINCHEROS'),
    ('0307', '03', U&'GRAU'),
    ('0401', '04', U&'AREQUIPA'),
    ('0402', '04', U&'CAMANA'),
    ('0403', '04', U&'CARAVELI'),
    ('0404', '04', U&'CASTILLA'),
    ('0405', '04', U&'CAYLLOMA'),
    ('0406', '04', U&'CONDESUYOS'),
    ('0407', '04', U&'ISLAY'),
    ('0408', '04', U&'LA UNION'),
    ('0501', '05', U&'HUAMANGA'),
    ('0502', '05', U&'CANGALLO'),
    ('0503', '05', U&'HUANCA SANCOS'),
    ('0504', '05', U&'HUANTA'),
    ('0505', '05', U&'LA MAR'),
    ('0506', '05', U&'LUCANAS'),
    ('0507', '05', U&'PARINACOCHAS'),
    ('0508', '05', U&'PAUCAR DEL SARA SARA'),
    ('0509', '05', U&'SUCRE'),
    ('0510', '05', U&'VICTOR FAJARDO'),
    ('0511', '05', U&'VILCAS HUAMAN'),
    ('0601', '06', U&'CAJAMARCA'),
    ('0602', '06', U&'CAJABAMBA'),
    ('0603', '06', U&'CELENDIN'),
    ('0604', '06', U&'CHOTA'),
    ('0605', '06', U&'CONTUMAZA'),
    ('0606', '06', U&'CUTERVO'),
    ('0607', '06', U&'HUALGAYOC'),
    ('0608', '06', U&'JAEN'),
    ('0609', '06', U&'SAN IGNACIO'),
    ('0610', '06', U&'SAN MARCOS'),
    ('0611', '06', U&'SAN MIGUEL'),
    ('0612', '06', U&'SAN PABLO'),
    ('0613', '06', U&'SANTA CRUZ'),
    ('0701', '07', U&'CALLAO'),
    ('0801', '08', U&'CUSCO'),
    ('0802', '08', U&'ACOMAYO'),
    ('0803', '08', U&'ANTA'),
    ('0804', '08', U&'CALCA'),
    ('0805', '08', U&'CANAS'),
    ('0806', '08', U&'CANCHIS'),
    ('0807', '08', U&'CHUMBIVILCAS'),
    ('0808', '08', U&'ESPINAR'),
    ('0809', '08', U&'LA CONVENCION'),
    ('0810', '08', U&'PARURO'),
    ('0811', '08', U&'PAUCARTAMBO'),
    ('0812', '08', U&'QUISPICANCHI'),
    ('0813', '08', U&'URUBAMBA'),
    ('0901', '09', U&'HUANCAVELICA'),
    ('0902', '09', U&'ACOBAMBA'),
    ('0903', '09', U&'ANGARAES'),
    ('0904', '09', U&'CASTROVIRREYNA'),
    ('0905', '09', U&'CHURCAMPA'),
    ('0906', '09', U&'HUAYTARA'),
    ('0907', '09', U&'TAYACAJA'),
    ('1001', '10', U&'HUANUCO'),
    ('1002', '10', U&'AMBO'),
    ('1003', '10', U&'DOS DE MAYO'),
    ('1004', '10', U&'HUACAYBAMBA'),
    ('1005', '10', U&'HUAMALIES'),
    ('1006', '10', U&'LEONCIO PRADO'),
    ('1007', '10', U&'MARA\00D1ON'),
    ('1008', '10', U&'PACHITEA'),
    ('1009', '10', U&'PUERTO INCA'),
    ('1010', '10', U&'LAURICOCHA'),
    ('1011', '10', U&'YAROWILCA'),
    ('1101', '11', U&'ICA'),
    ('1102', '11', U&'CHINCHA'),
    ('1103', '11', U&'NAZCA'),
    ('1104', '11', U&'PALPA'),
    ('1105', '11', U&'PISCO'),
    ('1201', '12', U&'HUANCAYO'),
    ('1202', '12', U&'CONCEPCION'),
    ('1203', '12', U&'CHANCHAMAYO'),
    ('1204', '12', U&'JAUJA'),
    ('1205', '12', U&'JUNIN'),
    ('1206', '12', U&'SATIPO'),
    ('1207', '12', U&'TARMA'),
    ('1208', '12', U&'YAULI'),
    ('1209', '12', U&'CHUPACA'),
    ('1301', '13', U&'TRUJILLO'),
    ('1302', '13', U&'ASCOPE'),
    ('1303', '13', U&'BOLIVAR'),
    ('1304', '13', U&'CHEPEN'),
    ('1305', '13', U&'JULCAN'),
    ('1306', '13', U&'OTUZCO'),
    ('1307', '13', U&'PACASMAYO'),
    ('1308', '13', U&'PATAZ'),
    ('1309', '13', U&'SANCHEZ CARRION'),
    ('1310', '13', U&'SANTIAGO DE CHUCO'),
    ('1311', '13', U&'GRAN CHIMU'),
    ('1312', '13', U&'VIRU'),
    ('1401', '14', U&'CHICLAYO'),
    ('1402', '14', U&'FERRE\00D1AFE'),
    ('1403', '14', U&'LAMBAYEQUE'),
    ('1501', '15', U&'LIMA'),
    ('1502', '15', U&'BARRANCA'),
    ('1503', '15', U&'CAJATAMBO'),
    ('1504', '15', U&'CANTA'),
    ('1505', '15', U&'CA\00D1ETE'),
    ('1506', '15', U&'HUARAL'),
    ('1507', '15', U&'HUAROCHIRI'),
    ('1508', '15', U&'HUAURA'),
    ('1509', '15', U&'OYON'),
    ('1510', '15', U&'YAUYOS'),
    ('1601', '16', U&'MAYNAS'),
    ('1602', '16', U&'ALTO AMAZONAS'),
    ('1603', '16', U&'LORETO'),
    ('1604', '16', U&'MARISCAL RAMON CASTILLA'),
    ('1605', '16', U&'REQUENA'),
    ('1606', '16', U&'UCAYALI'),
    ('1607', '16', U&'DATEM DEL MARA\00D1ON'),
    ('1608', '16', U&'PUTUMAYO'),
    ('1701', '17', U&'TAMBOPATA'),
    ('1702', '17', U&'MANU'),
    ('1703', '17', U&'TAHUAMANU'),
    ('1801', '18', U&'MARISCAL NIETO'),
    ('1802', '18', U&'GENERAL SANCHEZ CERRO'),
    ('1803', '18', U&'ILO'),
    ('1901', '19', U&'PASCO'),
    ('1902', '19', U&'DANIEL ALCIDES CARRION'),
    ('1903', '19', U&'OXAPAMPA'),
    ('2001', '20', U&'PIURA'),
    ('2002', '20', U&'AYABACA'),
    ('2003', '20', U&'HUANCABAMBA'),
    ('2004', '20', U&'MORROPON'),
    ('2005', '20', U&'PAITA'),
    ('2006', '20', U&'SULLANA'),
    ('2007', '20', U&'TALARA'),
    ('2008', '20', U&'SECHURA'),
    ('2101', '21', U&'PUNO'),
    ('2102', '21', U&'AZANGARO'),
    ('2103', '21', U&'CARABAYA'),
    ('2104', '21', U&'CHUCUITO'),
    ('2105', '21', U&'EL COLLAO'),
    ('2106', '21', U&'HUANCANE'),
    ('2107', '21', U&'LAMPA'),
    ('2108', '21', U&'MELGAR'),
    ('2109', '21', U&'MOHO'),
    ('2110', '21', U&'SAN ANTONIO DE PUTINA'),
    ('2111', '21', U&'SAN ROMAN'),
    ('2112', '21', U&'SANDIA'),
    ('2113', '21', U&'YUNGUYO'),
    ('2201', '22', U&'MOYOBAMBA'),
    ('2202', '22', U&'BELLAVISTA'),
    ('2203', '22', U&'EL DORADO'),
    ('2204', '22', U&'HUALLAGA'),
    ('2205', '22', U&'LAMAS'),
    ('2206', '22', U&'MARISCAL CACERES'),
    ('2207', '22', U&'PICOTA'),
    ('2208', '22', U&'RIOJA'),
    ('2209', '22', U&'SAN MARTIN'),
    ('2210', '22', U&'TOCACHE'),
    ('2301', '23', U&'TACNA'),
    ('2302', '23', U&'CANDARAVE'),
    ('2303', '23', U&'JORGE BASADRE'),
    ('2304', '23', U&'TARATA'),
    ('2401', '24', U&'TUMBES'),
    ('2402', '24', U&'CONTRALMIRANTE VILLAR'),
    ('2403', '24', U&'ZARUMILLA'),
    ('2501', '25', U&'CORONEL PORTILLO'),
    ('2502', '25', U&'ATALAYA'),
    ('2503', '25', U&'PADRE ABAD'),
    ('2504', '25', U&'PURUS')
ON CONFLICT (ubigeo) DO UPDATE SET
    department_ubigeo = EXCLUDED.department_ubigeo,
    name = EXCLUDED.name;

INSERT INTO peru_districts (ubigeo, department_ubigeo, province_ubigeo, name) VALUES
    ('010101', '01', '0101', U&'CHACHAPOYAS'),
    ('010102', '01', '0101', U&'ASUNCION'),
    ('010103', '01', '0101', U&'BALSAS'),
    ('010104', '01', '0101', U&'CHETO'),
    ('010105', '01', '0101', U&'CHILIQUIN'),
    ('010106', '01', '0101', U&'CHUQUIBAMBA'),
    ('010107', '01', '0101', U&'GRANADA'),
    ('010108', '01', '0101', U&'HUANCAS'),
    ('010109', '01', '0101', U&'LA JALCA'),
    ('010110', '01', '0101', U&'LEIMEBAMBA'),
    ('010111', '01', '0101', U&'LEVANTO'),
    ('010112', '01', '0101', U&'MAGDALENA'),
    ('010113', '01', '0101', U&'MARISCAL CASTILLA'),
    ('010114', '01', '0101', U&'MOLINOPAMPA'),
    ('010115', '01', '0101', U&'MONTEVIDEO'),
    ('010116', '01', '0101', U&'OLLEROS'),
    ('010117', '01', '0101', U&'QUINJALCA'),
    ('010118', '01', '0101', U&'SAN FRANCISCO DE DAGUAS'),
    ('010119', '01', '0101', U&'SAN ISIDRO DE MAINO'),
    ('010120', '01', '0101', U&'SOLOCO'),
    ('010121', '01', '0101', U&'SONCHE'),
    ('010201', '01', '0102', U&'BAGUA'),
    ('010202', '01', '0102', U&'ARAMANGO'),
    ('010203', '01', '0102', U&'COPALLIN'),
    ('010204', '01', '0102', U&'EL PARCO'),
    ('010205', '01', '0102', U&'IMAZA'),
    ('010206', '01', '0102', U&'LA PECA'),
    ('010301', '01', '0103', U&'JUMBILLA'),
    ('010302', '01', '0103', U&'CHISQUILLA'),
    ('010303', '01', '0103', U&'CHURUJA'),
    ('010304', '01', '0103', U&'COROSHA'),
    ('010305', '01', '0103', U&'CUISPES'),
    ('010306', '01', '0103', U&'FLORIDA'),
    ('010307', '01', '0103', U&'JAZAN'),
    ('010308', '01', '0103', U&'RECTA'),
    ('010309', '01', '0103', U&'SAN CARLOS'),
    ('010310', '01', '0103', U&'SHIPASBAMBA'),
    ('010311', '01', '0103', U&'VALERA'),
    ('010312', '01', '0103', U&'YAMBRASBAMBA'),
    ('010401', '01', '0104', U&'NIEVA'),
    ('010402', '01', '0104', U&'EL CENEPA'),
    ('010403', '01', '0104', U&'RIO SANTIAGO'),
    ('010501', '01', '0105', U&'LAMUD'),
    ('010502', '01', '0105', U&'CAMPORREDONDO'),
    ('010503', '01', '0105', U&'COCABAMBA'),
    ('010504', '01', '0105', U&'COLCAMAR'),
    ('010505', '01', '0105', U&'CONILA'),
    ('010506', '01', '0105', U&'INGUILPATA'),
    ('010507', '01', '0105', U&'LONGUITA'),
    ('010508', '01', '0105', U&'LONYA CHICO'),
    ('010509', '01', '0105', U&'LUYA'),
    ('010510', '01', '0105', U&'LUYA VIEJO'),
    ('010511', '01', '0105', U&'MARIA'),
    ('010512', '01', '0105', U&'OCALLI'),
    ('010513', '01', '0105', U&'OCUMAL'),
    ('010514', '01', '0105', U&'PISUQUIA'),
    ('010515', '01', '0105', U&'PROVIDENCIA'),
    ('010516', '01', '0105', U&'SAN CRISTOBAL'),
    ('010517', '01', '0105', U&'SAN FRANCISCO DEL YESO'),
    ('010518', '01', '0105', U&'SAN JERONIMO'),
    ('010519', '01', '0105', U&'SAN JUAN DE LOPECANCHA'),
    ('010520', '01', '0105', U&'SANTA CATALINA'),
    ('010521', '01', '0105', U&'SANTO TOMAS'),
    ('010522', '01', '0105', U&'TINGO'),
    ('010523', '01', '0105', U&'TRITA'),
    ('010601', '01', '0106', U&'SAN NICOLAS'),
    ('010602', '01', '0106', U&'CHIRIMOTO'),
    ('010603', '01', '0106', U&'COCHAMAL'),
    ('010604', '01', '0106', U&'HUAMBO'),
    ('010605', '01', '0106', U&'LIMABAMBA'),
    ('010606', '01', '0106', U&'LONGAR'),
    ('010607', '01', '0106', U&'MARISCAL BENAVIDES'),
    ('010608', '01', '0106', U&'MILPUC'),
    ('010609', '01', '0106', U&'OMIA'),
    ('010610', '01', '0106', U&'SANTA ROSA'),
    ('010611', '01', '0106', U&'TOTORA'),
    ('010612', '01', '0106', U&'VISTA ALEGRE'),
    ('010701', '01', '0107', U&'BAGUA GRANDE'),
    ('010702', '01', '0107', U&'CAJARURO'),
    ('010703', '01', '0107', U&'CUMBA'),
    ('010704', '01', '0107', U&'EL MILAGRO'),
    ('010705', '01', '0107', U&'JAMALCA'),
    ('010706', '01', '0107', U&'LONYA GRANDE'),
    ('010707', '01', '0107', U&'YAMON'),
    ('020101', '02', '0201', U&'HUARAZ'),
    ('020102', '02', '0201', U&'COCHABAMBA'),
    ('020103', '02', '0201', U&'COLCABAMBA'),
    ('020104', '02', '0201', U&'HUANCHAY'),
    ('020105', '02', '0201', U&'INDEPENDENCIA'),
    ('020106', '02', '0201', U&'JANGAS'),
    ('020107', '02', '0201', U&'LA LIBERTAD'),
    ('020108', '02', '0201', U&'OLLEROS'),
    ('020109', '02', '0201', U&'PAMPAS'),
    ('020110', '02', '0201', U&'PARIACOTO'),
    ('020111', '02', '0201', U&'PIRA'),
    ('020112', '02', '0201', U&'TARICA'),
    ('020201', '02', '0202', U&'AIJA'),
    ('020202', '02', '0202', U&'CORIS'),
    ('020203', '02', '0202', U&'HUACLLAN'),
    ('020204', '02', '0202', U&'LA MERCED'),
    ('020205', '02', '0202', U&'SUCCHA'),
    ('020301', '02', '0203', U&'LLAMELLIN'),
    ('020302', '02', '0203', U&'ACZO'),
    ('020303', '02', '0203', U&'CHACCHO'),
    ('020304', '02', '0203', U&'CHINGAS'),
    ('020305', '02', '0203', U&'MIRGAS'),
    ('020306', '02', '0203', U&'SAN JUAN DE RONTOY'),
    ('020401', '02', '0204', U&'CHACAS'),
    ('020402', '02', '0204', U&'ACOCHACA'),
    ('020501', '02', '0205', U&'CHIQUIAN'),
    ('020502', '02', '0205', U&'ABELARDO PARDO LEZAMETA'),
    ('020503', '02', '0205', U&'ANTONIO RAYMONDI'),
    ('020504', '02', '0205', U&'AQUIA'),
    ('020505', '02', '0205', U&'CAJACAY'),
    ('020506', '02', '0205', U&'CANIS'),
    ('020507', '02', '0205', U&'COLQUIOC'),
    ('020508', '02', '0205', U&'HUALLANCA'),
    ('020509', '02', '0205', U&'HUASTA'),
    ('020510', '02', '0205', U&'HUAYLLACAYAN'),
    ('020511', '02', '0205', U&'LA PRIMAVERA'),
    ('020512', '02', '0205', U&'MANGAS'),
    ('020513', '02', '0205', U&'PACLLON'),
    ('020514', '02', '0205', U&'SAN MIGUEL DE CORPANQUI'),
    ('020515', '02', '0205', U&'TICLLOS'),
    ('020601', '02', '0206', U&'CARHUAZ'),
    ('020602', '02', '0206', U&'ACOPAMPA'),
    ('020603', '02', '0206', U&'AMASHCA'),
    ('020604', '02', '0206', U&'ANTA'),
    ('020605', '02', '0206', U&'ATAQUERO'),
    ('020606', '02', '0206', U&'MARCARA'),
    ('020607', '02', '0206', U&'PARIAHUANCA'),
    ('020608', '02', '0206', U&'SAN MIGUEL DE ACO'),
    ('020609', '02', '0206', U&'SHILLA'),
    ('020610', '02', '0206', U&'TINCO'),
    ('020611', '02', '0206', U&'YUNGAR'),
    ('020701', '02', '0207', U&'SAN LUIS'),
    ('020702', '02', '0207', U&'SAN NICOLAS'),
    ('020703', '02', '0207', U&'YAUYA'),
    ('020801', '02', '0208', U&'CASMA'),
    ('020802', '02', '0208', U&'BUENA VISTA ALTA'),
    ('020803', '02', '0208', U&'COMANDANTE NOEL'),
    ('020804', '02', '0208', U&'YAUTAN'),
    ('020901', '02', '0209', U&'CORONGO'),
    ('020902', '02', '0209', U&'ACO'),
    ('020903', '02', '0209', U&'BAMBAS'),
    ('020904', '02', '0209', U&'CUSCA'),
    ('020905', '02', '0209', U&'LA PAMPA'),
    ('020906', '02', '0209', U&'YANAC'),
    ('020907', '02', '0209', U&'YUPAN'),
    ('021001', '02', '0210', U&'HUARI'),
    ('021002', '02', '0210', U&'ANRA'),
    ('021003', '02', '0210', U&'CAJAY'),
    ('021004', '02', '0210', U&'CHAVIN DE HUANTAR'),
    ('021005', '02', '0210', U&'HUACACHI'),
    ('021006', '02', '0210', U&'HUACCHIS'),
    ('021007', '02', '0210', U&'HUACHIS'),
    ('021008', '02', '0210', U&'HUANTAR'),
    ('021009', '02', '0210', U&'MASIN'),
    ('021010', '02', '0210', U&'PAUCAS'),
    ('021011', '02', '0210', U&'PONTO'),
    ('021012', '02', '0210', U&'RAHUAPAMPA'),
    ('021013', '02', '0210', U&'RAPAYAN'),
    ('021014', '02', '0210', U&'SAN MARCOS'),
    ('021015', '02', '0210', U&'SAN PEDRO DE CHANA'),
    ('021016', '02', '0210', U&'UCO'),
    ('021101', '02', '0211', U&'HUARMEY'),
    ('021102', '02', '0211', U&'COCHAPETI'),
    ('021103', '02', '0211', U&'CULEBRAS'),
    ('021104', '02', '0211', U&'HUAYAN'),
    ('021105', '02', '0211', U&'MALVAS'),
    ('021201', '02', '0212', U&'CARAZ'),
    ('021202', '02', '0212', U&'HUALLANCA'),
    ('021203', '02', '0212', U&'HUATA'),
    ('021204', '02', '0212', U&'HUAYLAS'),
    ('021205', '02', '0212', U&'MATO'),
    ('021206', '02', '0212', U&'PAMPAROMAS'),
    ('021207', '02', '0212', U&'PUEBLO LIBRE'),
    ('021208', '02', '0212', U&'SANTA CRUZ'),
    ('021209', '02', '0212', U&'SANTO TORIBIO'),
    ('021210', '02', '0212', U&'YURACMARCA'),
    ('021301', '02', '0213', U&'PISCOBAMBA'),
    ('021302', '02', '0213', U&'CASCA'),
    ('021303', '02', '0213', U&'ELEAZAR GUZMAN BARRON'),
    ('021304', '02', '0213', U&'FIDEL OLIVAS ESCUDERO'),
    ('021305', '02', '0213', U&'LLAMA'),
    ('021306', '02', '0213', U&'LLUMPA'),
    ('021307', '02', '0213', U&'LUCMA'),
    ('021308', '02', '0213', U&'MUSGA'),
    ('021401', '02', '0214', U&'OCROS'),
    ('021402', '02', '0214', U&'ACAS'),
    ('021403', '02', '0214', U&'CAJAMARQUILLA'),
    ('021404', '02', '0214', U&'CARHUAPAMPA'),
    ('021405', '02', '0214', U&'COCHAS'),
    ('021406', '02', '0214', U&'CONGAS'),
    ('021407', '02', '0214', U&'LLIPA'),
    ('021408', '02', '0214', U&'SAN CRISTOBAL DE RAJAN'),
    ('021409', '02', '0214', U&'SAN PEDRO'),
    ('021410', '02', '0214', U&'SANTIAGO DE CHILCAS'),
    ('021501', '02', '0215', U&'CABANA'),
    ('021502', '02', '0215', U&'BOLOGNESI'),
    ('021503', '02', '0215', U&'CONCHUCOS'),
    ('021504', '02', '0215', U&'HUACASCHUQUE'),
    ('021505', '02', '0215', U&'HUANDOVAL'),
    ('021506', '02', '0215', U&'LACABAMBA'),
    ('021507', '02', '0215', U&'LLAPO'),
    ('021508', '02', '0215', U&'PALLASCA'),
    ('021509', '02', '0215', U&'PAMPAS'),
    ('021510', '02', '0215', U&'SANTA ROSA'),
    ('021511', '02', '0215', U&'TAUCA'),
    ('021601', '02', '0216', U&'POMABAMBA'),
    ('021602', '02', '0216', U&'HUAYLLAN'),
    ('021603', '02', '0216', U&'PAROBAMBA'),
    ('021604', '02', '0216', U&'QUINUABAMBA'),
    ('021701', '02', '0217', U&'RECUAY'),
    ('021702', '02', '0217', U&'CATAC'),
    ('021703', '02', '0217', U&'COTAPARACO'),
    ('021704', '02', '0217', U&'HUAYLLAPAMPA'),
    ('021705', '02', '0217', U&'LLACLLIN'),
    ('021706', '02', '0217', U&'MARCA'),
    ('021707', '02', '0217', U&'PAMPAS CHICO'),
    ('021708', '02', '0217', U&'PARARIN'),
    ('021709', '02', '0217', U&'TAPACOCHA'),
    ('021710', '02', '0217', U&'TICAPAMPA'),
    ('021801', '02', '0218', U&'CHIMBOTE'),
    ('021802', '02', '0218', U&'CACERES DEL PERU'),
    ('021803', '02', '0218', U&'COISHCO'),
    ('021804', '02', '0218', U&'MACATE'),
    ('021805', '02', '0218', U&'MORO'),
    ('021806', '02', '0218', U&'NEPE\00D1A'),
    ('021807', '02', '0218', U&'SAMANCO'),
    ('021808', '02', '0218', U&'SANTA'),
    ('021809', '02', '0218', U&'NUEVO CHIMBOTE'),
    ('021901', '02', '0219', U&'SIHUAS'),
    ('021902', '02', '0219', U&'ACOBAMBA'),
    ('021903', '02', '0219', U&'ALFONSO UGARTE'),
    ('021904', '02', '0219', U&'CASHAPAMPA'),
    ('021905', '02', '0219', U&'CHINGALPO'),
    ('021906', '02', '0219', U&'HUAYLLABAMBA'),
    ('021907', '02', '0219', U&'QUICHES'),
    ('021908', '02', '0219', U&'RAGASH'),
    ('021909', '02', '0219', U&'SAN JUAN'),
    ('021910', '02', '0219', U&'SICSIBAMBA'),
    ('022001', '02', '0220', U&'YUNGAY'),
    ('022002', '02', '0220', U&'CASCAPARA'),
    ('022003', '02', '0220', U&'MANCOS'),
    ('022004', '02', '0220', U&'MATACOTO'),
    ('022005', '02', '0220', U&'QUILLO'),
    ('022006', '02', '0220', U&'RANRAHIRCA'),
    ('022007', '02', '0220', U&'SHUPLUY'),
    ('022008', '02', '0220', U&'YANAMA'),
    ('030101', '03', '0301', U&'ABANCAY'),
    ('030102', '03', '0301', U&'CHACOCHE'),
    ('030103', '03', '0301', U&'CIRCA'),
    ('030104', '03', '0301', U&'CURAHUASI'),
    ('030105', '03', '0301', U&'HUANIPACA'),
    ('030106', '03', '0301', U&'LAMBRAMA'),
    ('030107', '03', '0301', U&'PICHIRHUA'),
    ('030108', '03', '0301', U&'SAN PEDRO DE CACHORA'),
    ('030109', '03', '0301', U&'TAMBURCO'),
    ('030201', '03', '0302', U&'ANDAHUAYLAS'),
    ('030202', '03', '0302', U&'ANDARAPA'),
    ('030203', '03', '0302', U&'CHIARA'),
    ('030204', '03', '0302', U&'HUANCARAMA'),
    ('030205', '03', '0302', U&'HUANCARAY'),
    ('030206', '03', '0302', U&'HUAYANA'),
    ('030207', '03', '0302', U&'KISHUARA'),
    ('030208', '03', '0302', U&'PACOBAMBA'),
    ('030209', '03', '0302', U&'PACUCHA'),
    ('030210', '03', '0302', U&'PAMPACHIRI'),
    ('030211', '03', '0302', U&'POMACOCHA'),
    ('030212', '03', '0302', U&'SAN ANTONIO DE CACHI'),
    ('030213', '03', '0302', U&'SAN JERONIMO'),
    ('030214', '03', '0302', U&'SAN MIGUEL DE CHACCRAMPA'),
    ('030215', '03', '0302', U&'SANTA MARIA DE CHICMO'),
    ('030216', '03', '0302', U&'TALAVERA'),
    ('030217', '03', '0302', U&'TUMAY HUARACA'),
    ('030218', '03', '0302', U&'TURPO'),
    ('030219', '03', '0302', U&'KAQUIABAMBA'),
    ('030220', '03', '0302', U&'JOSE MARIA ARGUEDAS'),
    ('030301', '03', '0303', U&'ANTABAMBA'),
    ('030302', '03', '0303', U&'EL ORO'),
    ('030303', '03', '0303', U&'HUAQUIRCA'),
    ('030304', '03', '0303', U&'JUAN ESPINOZA MEDRANO'),
    ('030305', '03', '0303', U&'OROPESA'),
    ('030306', '03', '0303', U&'PACHACONAS'),
    ('030307', '03', '0303', U&'SABAINO'),
    ('030401', '03', '0304', U&'CHALHUANCA'),
    ('030402', '03', '0304', U&'CAPAYA'),
    ('030403', '03', '0304', U&'CARAYBAMBA'),
    ('030404', '03', '0304', U&'CHAPIMARCA'),
    ('030405', '03', '0304', U&'COLCABAMBA'),
    ('030406', '03', '0304', U&'COTARUSE'),
    ('030407', '03', '0304', U&'HUAYLLO'),
    ('030408', '03', '0304', U&'JUSTO APU SAHUARAURA'),
    ('030409', '03', '0304', U&'LUCRE'),
    ('030410', '03', '0304', U&'POCOHUANCA'),
    ('030411', '03', '0304', U&'SAN JUAN DE CHAC\00D1A'),
    ('030412', '03', '0304', U&'SA\00D1AYCA'),
    ('030413', '03', '0304', U&'SORAYA'),
    ('030414', '03', '0304', U&'TAPAIRIHUA'),
    ('030415', '03', '0304', U&'TINTAY'),
    ('030416', '03', '0304', U&'TORAYA'),
    ('030417', '03', '0304', U&'YANACA'),
    ('030501', '03', '0305', U&'TAMBOBAMBA'),
    ('030502', '03', '0305', U&'COTABAMBAS'),
    ('030503', '03', '0305', U&'COYLLURQUI'),
    ('030504', '03', '0305', U&'HAQUIRA'),
    ('030505', '03', '0305', U&'MARA'),
    ('030506', '03', '0305', U&'CHALLHUAHUACHO'),
    ('030601', '03', '0306', U&'CHINCHEROS'),
    ('030602', '03', '0306', U&'ANCO-HUALLO'),
    ('030603', '03', '0306', U&'COCHARCAS'),
    ('030604', '03', '0306', U&'HUACCANA'),
    ('030605', '03', '0306', U&'OCOBAMBA'),
    ('030606', '03', '0306', U&'ONGOY'),
    ('030607', '03', '0306', U&'URANMARCA'),
    ('030608', '03', '0306', U&'RANRACANCHA'),
    ('030609', '03', '0306', U&'ROCCHACC'),
    ('030610', '03', '0306', U&'EL PORVENIR'),
    ('030611', '03', '0306', U&'LOS CHANKAS'),
    ('030612', '03', '0306', U&'AHUAYRO'),
    ('030701', '03', '0307', U&'CHUQUIBAMBILLA'),
    ('030702', '03', '0307', U&'CURPAHUASI'),
    ('030703', '03', '0307', U&'GAMARRA'),
    ('030704', '03', '0307', U&'HUAYLLATI'),
    ('030705', '03', '0307', U&'MAMARA'),
    ('030706', '03', '0307', U&'MICAELA BASTIDAS'),
    ('030707', '03', '0307', U&'PATAYPAMPA'),
    ('030708', '03', '0307', U&'PROGRESO'),
    ('030709', '03', '0307', U&'SAN ANTONIO'),
    ('030710', '03', '0307', U&'SANTA ROSA'),
    ('030711', '03', '0307', U&'TURPAY'),
    ('030712', '03', '0307', U&'VILCABAMBA'),
    ('030713', '03', '0307', U&'VIRUNDO'),
    ('030714', '03', '0307', U&'CURASCO'),
    ('040101', '04', '0401', U&'AREQUIPA'),
    ('040102', '04', '0401', U&'ALTO SELVA ALEGRE'),
    ('040103', '04', '0401', U&'CAYMA'),
    ('040104', '04', '0401', U&'CERRO COLORADO'),
    ('040105', '04', '0401', U&'CHARACATO'),
    ('040106', '04', '0401', U&'CHIGUATA'),
    ('040107', '04', '0401', U&'JACOBO HUNTER'),
    ('040108', '04', '0401', U&'LA JOYA'),
    ('040109', '04', '0401', U&'MARIANO MELGAR'),
    ('040110', '04', '0401', U&'MIRAFLORES'),
    ('040111', '04', '0401', U&'MOLLEBAYA'),
    ('040112', '04', '0401', U&'PAUCARPATA'),
    ('040113', '04', '0401', U&'POCSI'),
    ('040114', '04', '0401', U&'POLOBAYA'),
    ('040115', '04', '0401', U&'QUEQUE\00D1A'),
    ('040116', '04', '0401', U&'SABANDIA'),
    ('040117', '04', '0401', U&'SACHACA'),
    ('040118', '04', '0401', U&'SAN JUAN DE SIGUAS'),
    ('040119', '04', '0401', U&'SAN JUAN DE TARUCANI'),
    ('040120', '04', '0401', U&'SANTA ISABEL DE SIGUAS'),
    ('040121', '04', '0401', U&'SANTA RITA DE SIGUAS'),
    ('040122', '04', '0401', U&'SOCABAYA'),
    ('040123', '04', '0401', U&'TIABAYA'),
    ('040124', '04', '0401', U&'UCHUMAYO'),
    ('040125', '04', '0401', U&'VITOR'),
    ('040126', '04', '0401', U&'YANAHUARA'),
    ('040127', '04', '0401', U&'YARABAMBA'),
    ('040128', '04', '0401', U&'YURA'),
    ('040129', '04', '0401', U&'JOSE LUIS BUSTAMANTE Y RIVERO'),
    ('040201', '04', '0402', U&'CAMANA'),
    ('040202', '04', '0402', U&'JOSE MARIA QUIMPER'),
    ('040203', '04', '0402', U&'MARIANO NICOLAS VALCARCEL'),
    ('040204', '04', '0402', U&'MARISCAL CACERES'),
    ('040205', '04', '0402', U&'NICOLAS DE PIEROLA'),
    ('040206', '04', '0402', U&'OCO\00D1A'),
    ('040207', '04', '0402', U&'QUILCA'),
    ('040208', '04', '0402', U&'SAMUEL PASTOR'),
    ('040301', '04', '0403', U&'CARAVELI'),
    ('040302', '04', '0403', U&'ACARI'),
    ('040303', '04', '0403', U&'ATICO'),
    ('040304', '04', '0403', U&'ATIQUIPA'),
    ('040305', '04', '0403', U&'BELLA UNION'),
    ('040306', '04', '0403', U&'CAHUACHO'),
    ('040307', '04', '0403', U&'CHALA'),
    ('040308', '04', '0403', U&'CHAPARRA'),
    ('040309', '04', '0403', U&'HUANUHUANU'),
    ('040310', '04', '0403', U&'JAQUI'),
    ('040311', '04', '0403', U&'LOMAS'),
    ('040312', '04', '0403', U&'QUICACHA'),
    ('040313', '04', '0403', U&'YAUCA'),
    ('040401', '04', '0404', U&'APLAO'),
    ('040402', '04', '0404', U&'ANDAGUA'),
    ('040403', '04', '0404', U&'AYO'),
    ('040404', '04', '0404', U&'CHACHAS'),
    ('040405', '04', '0404', U&'CHILCAYMARCA'),
    ('040406', '04', '0404', U&'CHOCO'),
    ('040407', '04', '0404', U&'HUANCARQUI'),
    ('040408', '04', '0404', U&'MACHAGUAY'),
    ('040409', '04', '0404', U&'ORCOPAMPA'),
    ('040410', '04', '0404', U&'PAMPACOLCA'),
    ('040411', '04', '0404', U&'TIPAN'),
    ('040412', '04', '0404', U&'U\00D1ON'),
    ('040413', '04', '0404', U&'URACA'),
    ('040414', '04', '0404', U&'VIRACO'),
    ('040501', '04', '0405', U&'CHIVAY'),
    ('040502', '04', '0405', U&'ACHOMA'),
    ('040503', '04', '0405', U&'CABANACONDE'),
    ('040504', '04', '0405', U&'CALLALLI'),
    ('040505', '04', '0405', U&'CAYLLOMA'),
    ('040506', '04', '0405', U&'COPORAQUE'),
    ('040507', '04', '0405', U&'HUAMBO'),
    ('040508', '04', '0405', U&'HUANCA'),
    ('040509', '04', '0405', U&'ICHUPAMPA'),
    ('040510', '04', '0405', U&'LARI'),
    ('040511', '04', '0405', U&'LLUTA'),
    ('040512', '04', '0405', U&'MACA'),
    ('040513', '04', '0405', U&'MADRIGAL'),
    ('040514', '04', '0405', U&'SAN ANTONIO DE CHUCA'),
    ('040515', '04', '0405', U&'SIBAYO'),
    ('040516', '04', '0405', U&'TAPAY'),
    ('040517', '04', '0405', U&'TISCO'),
    ('040518', '04', '0405', U&'TUTI'),
    ('040519', '04', '0405', U&'YANQUE'),
    ('040520', '04', '0405', U&'MAJES'),
    ('040601', '04', '0406', U&'CHUQUIBAMBA'),
    ('040602', '04', '0406', U&'ANDARAY'),
    ('040603', '04', '0406', U&'CAYARANI'),
    ('040604', '04', '0406', U&'CHICHAS'),
    ('040605', '04', '0406', U&'IRAY'),
    ('040606', '04', '0406', U&'RIO GRANDE'),
    ('040607', '04', '0406', U&'SALAMANCA'),
    ('040608', '04', '0406', U&'YANAQUIHUA'),
    ('040701', '04', '0407', U&'MOLLENDO'),
    ('040702', '04', '0407', U&'COCACHACRA'),
    ('040703', '04', '0407', U&'DEAN VALDIVIA'),
    ('040704', '04', '0407', U&'ISLAY'),
    ('040705', '04', '0407', U&'MEJIA'),
    ('040706', '04', '0407', U&'PUNTA DE BOMBON'),
    ('040801', '04', '0408', U&'COTAHUASI'),
    ('040802', '04', '0408', U&'ALCA'),
    ('040803', '04', '0408', U&'CHARCANA'),
    ('040804', '04', '0408', U&'HUAYNACOTAS'),
    ('040805', '04', '0408', U&'PAMPAMARCA'),
    ('040806', '04', '0408', U&'PUYCA'),
    ('040807', '04', '0408', U&'QUECHUALLA'),
    ('040808', '04', '0408', U&'SAYLA'),
    ('040809', '04', '0408', U&'TAURIA'),
    ('040810', '04', '0408', U&'TOMEPAMPA'),
    ('040811', '04', '0408', U&'TORO'),
    ('050101', '05', '0501', U&'AYACUCHO'),
    ('050102', '05', '0501', U&'ACOCRO'),
    ('050103', '05', '0501', U&'ACOS VINCHOS'),
    ('050104', '05', '0501', U&'CARMEN ALTO'),
    ('050105', '05', '0501', U&'CHIARA'),
    ('050106', '05', '0501', U&'OCROS'),
    ('050107', '05', '0501', U&'PACAYCASA'),
    ('050108', '05', '0501', U&'QUINUA'),
    ('050109', '05', '0501', U&'SAN JOSE DE TICLLAS'),
    ('050110', '05', '0501', U&'SAN JUAN BAUTISTA'),
    ('050111', '05', '0501', U&'SANTIAGO DE PISCHA'),
    ('050112', '05', '0501', U&'SOCOS'),
    ('050113', '05', '0501', U&'TAMBILLO'),
    ('050114', '05', '0501', U&'VINCHOS'),
    ('050115', '05', '0501', U&'JESUS NAZARENO'),
    ('050116', '05', '0501', U&'ANDRES AVELINO CACERES DORREGARAY'),
    ('050201', '05', '0502', U&'CANGALLO'),
    ('050202', '05', '0502', U&'CHUSCHI'),
    ('050203', '05', '0502', U&'LOS MOROCHUCOS'),
    ('050204', '05', '0502', U&'MARIA PARADO DE BELLIDO'),
    ('050205', '05', '0502', U&'PARAS'),
    ('050206', '05', '0502', U&'TOTOS'),
    ('050301', '05', '0503', U&'SANCOS'),
    ('050302', '05', '0503', U&'CARAPO'),
    ('050303', '05', '0503', U&'SACSAMARCA'),
    ('050304', '05', '0503', U&'SANTIAGO DE LUCANAMARCA'),
    ('050401', '05', '0504', U&'HUANTA'),
    ('050402', '05', '0504', U&'AYAHUANCO'),
    ('050403', '05', '0504', U&'HUAMANGUILLA'),
    ('050404', '05', '0504', U&'IGUAIN'),
    ('050405', '05', '0504', U&'LURICOCHA'),
    ('050406', '05', '0504', U&'SANTILLANA'),
    ('050407', '05', '0504', U&'SIVIA'),
    ('050408', '05', '0504', U&'LLOCHEGUA'),
    ('050409', '05', '0504', U&'CANAYRE'),
    ('050410', '05', '0504', U&'UCHURACCAY'),
    ('050411', '05', '0504', U&'PUCACOLPA'),
    ('050412', '05', '0504', U&'CHACA'),
    ('050413', '05', '0504', U&'PUTIS'),
    ('050501', '05', '0505', U&'SAN MIGUEL'),
    ('050502', '05', '0505', U&'ANCO'),
    ('050503', '05', '0505', U&'AYNA'),
    ('050504', '05', '0505', U&'CHILCAS'),
    ('050505', '05', '0505', U&'CHUNGUI'),
    ('050506', '05', '0505', U&'LUIS CARRANZA'),
    ('050507', '05', '0505', U&'SANTA ROSA'),
    ('050508', '05', '0505', U&'TAMBO'),
    ('050509', '05', '0505', U&'SAMUGARI'),
    ('050510', '05', '0505', U&'ANCHIHUAY'),
    ('050511', '05', '0505', U&'ORONCCOY'),
    ('050512', '05', '0505', U&'UNION PROGRESO'),
    ('050513', '05', '0505', U&'RIO MAGDALENA'),
    ('050514', '05', '0505', U&'NINABAMBA'),
    ('050515', '05', '0505', U&'PATIBAMBA'),
    ('050601', '05', '0506', U&'PUQUIO'),
    ('050602', '05', '0506', U&'AUCARA'),
    ('050603', '05', '0506', U&'CABANA'),
    ('050604', '05', '0506', U&'CARMEN SALCEDO'),
    ('050605', '05', '0506', U&'CHAVI\00D1A'),
    ('050606', '05', '0506', U&'CHIPAO'),
    ('050607', '05', '0506', U&'HUAC-HUAS'),
    ('050608', '05', '0506', U&'LARAMATE'),
    ('050609', '05', '0506', U&'LEONCIO PRADO'),
    ('050610', '05', '0506', U&'LLAUTA'),
    ('050611', '05', '0506', U&'LUCANAS'),
    ('050612', '05', '0506', U&'OCA\00D1A'),
    ('050613', '05', '0506', U&'OTOCA'),
    ('050614', '05', '0506', U&'SAISA'),
    ('050615', '05', '0506', U&'SAN CRISTOBAL'),
    ('050616', '05', '0506', U&'SAN JUAN'),
    ('050617', '05', '0506', U&'SAN PEDRO'),
    ('050618', '05', '0506', U&'SAN PEDRO DE PALCO'),
    ('050619', '05', '0506', U&'SANCOS'),
    ('050620', '05', '0506', U&'SANTA ANA DE HUAYCAHUACHO'),
    ('050621', '05', '0506', U&'SANTA LUCIA'),
    ('050701', '05', '0507', U&'CORACORA'),
    ('050702', '05', '0507', U&'CHUMPI'),
    ('050703', '05', '0507', U&'CORONEL CASTA\00D1EDA'),
    ('050704', '05', '0507', U&'PACAPAUSA'),
    ('050705', '05', '0507', U&'PULLO'),
    ('050706', '05', '0507', U&'PUYUSCA'),
    ('050707', '05', '0507', U&'SAN FRANCISCO DE RAVACAYCO'),
    ('050708', '05', '0507', U&'UPAHUACHO'),
    ('050801', '05', '0508', U&'PAUSA'),
    ('050802', '05', '0508', U&'COLTA'),
    ('050803', '05', '0508', U&'CORCULLA'),
    ('050804', '05', '0508', U&'LAMPA'),
    ('050805', '05', '0508', U&'MARCABAMBA'),
    ('050806', '05', '0508', U&'OYOLO'),
    ('050807', '05', '0508', U&'PARARCA'),
    ('050808', '05', '0508', U&'SAN JAVIER DE ALPABAMBA'),
    ('050809', '05', '0508', U&'SAN JOSE DE USHUA'),
    ('050810', '05', '0508', U&'SARA SARA'),
    ('050901', '05', '0509', U&'QUEROBAMBA'),
    ('050902', '05', '0509', U&'BELEN'),
    ('050903', '05', '0509', U&'CHALCOS'),
    ('050904', '05', '0509', U&'CHILCAYOC'),
    ('050905', '05', '0509', U&'HUACA\00D1A'),
    ('050906', '05', '0509', U&'MORCOLLA'),
    ('050907', '05', '0509', U&'PAICO'),
    ('050908', '05', '0509', U&'SAN PEDRO DE LARCAY'),
    ('050909', '05', '0509', U&'SAN SALVADOR DE QUIJE'),
    ('050910', '05', '0509', U&'SANTIAGO DE PAUCARAY'),
    ('050911', '05', '0509', U&'SORAS'),
    ('051001', '05', '0510', U&'HUANCAPI'),
    ('051002', '05', '0510', U&'ALCAMENCA'),
    ('051003', '05', '0510', U&'APONGO'),
    ('051004', '05', '0510', U&'ASQUIPATA'),
    ('051005', '05', '0510', U&'CANARIA'),
    ('051006', '05', '0510', U&'CAYARA'),
    ('051007', '05', '0510', U&'COLCA'),
    ('051008', '05', '0510', U&'HUAMANQUIQUIA'),
    ('051009', '05', '0510', U&'HUANCARAYLLA'),
    ('051010', '05', '0510', U&'HUAYA'),
    ('051011', '05', '0510', U&'SARHUA'),
    ('051012', '05', '0510', U&'VILCANCHOS'),
    ('051101', '05', '0511', U&'VILCAS HUAMAN'),
    ('051102', '05', '0511', U&'ACCOMARCA'),
    ('051103', '05', '0511', U&'CARHUANCA'),
    ('051104', '05', '0511', U&'CONCEPCION'),
    ('051105', '05', '0511', U&'HUAMBALPA'),
    ('051106', '05', '0511', U&'INDEPENDENCIA'),
    ('051107', '05', '0511', U&'SAURAMA'),
    ('051108', '05', '0511', U&'VISCHONGO'),
    ('060101', '06', '0601', U&'CAJAMARCA'),
    ('060102', '06', '0601', U&'ASUNCION'),
    ('060103', '06', '0601', U&'CHETILLA'),
    ('060104', '06', '0601', U&'COSPAN'),
    ('060105', '06', '0601', U&'ENCA\00D1ADA'),
    ('060106', '06', '0601', U&'JESUS'),
    ('060107', '06', '0601', U&'LLACANORA'),
    ('060108', '06', '0601', U&'LOS BA\00D1OS DEL INCA'),
    ('060109', '06', '0601', U&'MAGDALENA'),
    ('060110', '06', '0601', U&'MATARA'),
    ('060111', '06', '0601', U&'NAMORA'),
    ('060112', '06', '0601', U&'SAN JUAN'),
    ('060201', '06', '0602', U&'CAJABAMBA'),
    ('060202', '06', '0602', U&'CACHACHI'),
    ('060203', '06', '0602', U&'CONDEBAMBA'),
    ('060204', '06', '0602', U&'SITACOCHA'),
    ('060301', '06', '0603', U&'CELENDIN'),
    ('060302', '06', '0603', U&'CHUMUCH'),
    ('060303', '06', '0603', U&'CORTEGANA'),
    ('060304', '06', '0603', U&'HUASMIN'),
    ('060305', '06', '0603', U&'JORGE CHAVEZ'),
    ('060306', '06', '0603', U&'JOSE GALVEZ'),
    ('060307', '06', '0603', U&'MIGUEL IGLESIAS'),
    ('060308', '06', '0603', U&'OXAMARCA'),
    ('060309', '06', '0603', U&'SOROCHUCO'),
    ('060310', '06', '0603', U&'SUCRE'),
    ('060311', '06', '0603', U&'UTCO'),
    ('060312', '06', '0603', U&'LA LIBERTAD DE PALLAN'),
    ('060401', '06', '0604', U&'CHOTA'),
    ('060402', '06', '0604', U&'ANGUIA'),
    ('060403', '06', '0604', U&'CHADIN'),
    ('060404', '06', '0604', U&'CHIGUIRIP'),
    ('060405', '06', '0604', U&'CHIMBAN'),
    ('060406', '06', '0604', U&'CHOROPAMPA'),
    ('060407', '06', '0604', U&'COCHABAMBA'),
    ('060408', '06', '0604', U&'CONCHAN'),
    ('060409', '06', '0604', U&'HUAMBOS'),
    ('060410', '06', '0604', U&'LAJAS'),
    ('060411', '06', '0604', U&'LLAMA'),
    ('060412', '06', '0604', U&'MIRACOSTA'),
    ('060413', '06', '0604', U&'PACCHA'),
    ('060414', '06', '0604', U&'PION'),
    ('060415', '06', '0604', U&'QUEROCOTO'),
    ('060416', '06', '0604', U&'SAN JUAN DE LICUPIS'),
    ('060417', '06', '0604', U&'TACABAMBA'),
    ('060418', '06', '0604', U&'TOCMOCHE'),
    ('060419', '06', '0604', U&'CHALAMARCA'),
    ('060501', '06', '0605', U&'CONTUMAZA'),
    ('060502', '06', '0605', U&'CHILETE'),
    ('060503', '06', '0605', U&'CUPISNIQUE'),
    ('060504', '06', '0605', U&'GUZMANGO'),
    ('060505', '06', '0605', U&'SAN BENITO'),
    ('060506', '06', '0605', U&'SANTA CRUZ DE TOLEDO'),
    ('060507', '06', '0605', U&'TANTARICA'),
    ('060508', '06', '0605', U&'YONAN'),
    ('060601', '06', '0606', U&'CUTERVO'),
    ('060602', '06', '0606', U&'CALLAYUC'),
    ('060603', '06', '0606', U&'CHOROS'),
    ('060604', '06', '0606', U&'CUJILLO'),
    ('060605', '06', '0606', U&'LA RAMADA'),
    ('060606', '06', '0606', U&'PIMPINGOS'),
    ('060607', '06', '0606', U&'QUEROCOTILLO'),
    ('060608', '06', '0606', U&'SAN ANDRES DE CUTERVO'),
    ('060609', '06', '0606', U&'SAN JUAN DE CUTERVO'),
    ('060610', '06', '0606', U&'SAN LUIS DE LUCMA'),
    ('060611', '06', '0606', U&'SANTA CRUZ'),
    ('060612', '06', '0606', U&'SANTO DOMINGO DE LA CAPILLA'),
    ('060613', '06', '0606', U&'SANTO TOMAS'),
    ('060614', '06', '0606', U&'SOCOTA'),
    ('060615', '06', '0606', U&'TORIBIO CASANOVA'),
    ('060701', '06', '0607', U&'BAMBAMARCA'),
    ('060702', '06', '0607', U&'CHUGUR'),
    ('060703', '06', '0607', U&'HUALGAYOC'),
    ('060801', '06', '0608', U&'JAEN'),
    ('060802', '06', '0608', U&'BELLAVISTA'),
    ('060803', '06', '0608', U&'CHONTALI'),
    ('060804', '06', '0608', U&'COLASAY'),
    ('060805', '06', '0608', U&'HUABAL'),
    ('060806', '06', '0608', U&'LAS PIRIAS'),
    ('060807', '06', '0608', U&'POMAHUACA'),
    ('060808', '06', '0608', U&'PUCARA'),
    ('060809', '06', '0608', U&'SALLIQUE'),
    ('060810', '06', '0608', U&'SAN FELIPE'),
    ('060811', '06', '0608', U&'SAN JOSE DEL ALTO'),
    ('060812', '06', '0608', U&'SANTA ROSA'),
    ('060901', '06', '0609', U&'SAN IGNACIO'),
    ('060902', '06', '0609', U&'CHIRINOS'),
    ('060903', '06', '0609', U&'HUARANGO'),
    ('060904', '06', '0609', U&'LA COIPA'),
    ('060905', '06', '0609', U&'NAMBALLE'),
    ('060906', '06', '0609', U&'SAN JOSE DE LOURDES'),
    ('060907', '06', '0609', U&'TABACONAS'),
    ('061001', '06', '0610', U&'PEDRO GALVEZ'),
    ('061002', '06', '0610', U&'CHANCAY'),
    ('061003', '06', '0610', U&'EDUARDO VILLANUEVA'),
    ('061004', '06', '0610', U&'GREGORIO PITA'),
    ('061005', '06', '0610', U&'ICHOCAN'),
    ('061006', '06', '0610', U&'JOSE MANUEL QUIROZ'),
    ('061007', '06', '0610', U&'JOSE SABOGAL'),
    ('061101', '06', '0611', U&'SAN MIGUEL'),
    ('061102', '06', '0611', U&'BOLIVAR'),
    ('061103', '06', '0611', U&'CALQUIS'),
    ('061104', '06', '0611', U&'CATILLUC'),
    ('061105', '06', '0611', U&'EL PRADO'),
    ('061106', '06', '0611', U&'LA FLORIDA'),
    ('061107', '06', '0611', U&'LLAPA'),
    ('061108', '06', '0611', U&'NANCHOC'),
    ('061109', '06', '0611', U&'NIEPOS'),
    ('061110', '06', '0611', U&'SAN GREGORIO'),
    ('061111', '06', '0611', U&'SAN SILVESTRE DE COCHAN'),
    ('061112', '06', '0611', U&'TONGOD'),
    ('061113', '06', '0611', U&'UNION AGUA BLANCA'),
    ('061201', '06', '0612', U&'SAN PABLO'),
    ('061202', '06', '0612', U&'SAN BERNARDINO'),
    ('061203', '06', '0612', U&'SAN LUIS'),
    ('061204', '06', '0612', U&'TUMBADEN'),
    ('061301', '06', '0613', U&'SANTA CRUZ'),
    ('061302', '06', '0613', U&'ANDABAMBA'),
    ('061303', '06', '0613', U&'CATACHE'),
    ('061304', '06', '0613', U&'CHANCAYBA\00D1OS'),
    ('061305', '06', '0613', U&'LA ESPERANZA'),
    ('061306', '06', '0613', U&'NINABAMBA'),
    ('061307', '06', '0613', U&'PULAN'),
    ('061308', '06', '0613', U&'SAUCEPAMPA'),
    ('061309', '06', '0613', U&'SEXI'),
    ('061310', '06', '0613', U&'UTICYACU'),
    ('061311', '06', '0613', U&'YAUYUCAN'),
    ('070101', '07', '0701', U&'CALLAO'),
    ('070102', '07', '0701', U&'BELLAVISTA'),
    ('070103', '07', '0701', U&'CARMEN DE LA LEGUA REYNOSO'),
    ('070104', '07', '0701', U&'LA PERLA'),
    ('070105', '07', '0701', U&'LA PUNTA'),
    ('070106', '07', '0701', U&'VENTANILLA'),
    ('070107', '07', '0701', U&'MI PERU'),
    ('080101', '08', '0801', U&'CUSCO'),
    ('080102', '08', '0801', U&'CCORCA'),
    ('080103', '08', '0801', U&'POROY'),
    ('080104', '08', '0801', U&'SAN JERONIMO'),
    ('080105', '08', '0801', U&'SAN SEBASTIAN'),
    ('080106', '08', '0801', U&'SANTIAGO'),
    ('080107', '08', '0801', U&'SAYLLA'),
    ('080108', '08', '0801', U&'WANCHAQ'),
    ('080201', '08', '0802', U&'ACOMAYO'),
    ('080202', '08', '0802', U&'ACOPIA'),
    ('080203', '08', '0802', U&'ACOS'),
    ('080204', '08', '0802', U&'MOSOC LLACTA'),
    ('080205', '08', '0802', U&'POMACANCHI'),
    ('080206', '08', '0802', U&'RONDOCAN'),
    ('080207', '08', '0802', U&'SANGARARA'),
    ('080301', '08', '0803', U&'ANTA'),
    ('080302', '08', '0803', U&'ANCAHUASI'),
    ('080303', '08', '0803', U&'CACHIMAYO'),
    ('080304', '08', '0803', U&'CHINCHAYPUJIO'),
    ('080305', '08', '0803', U&'HUAROCONDO'),
    ('080306', '08', '0803', U&'LIMATAMBO'),
    ('080307', '08', '0803', U&'MOLLEPATA'),
    ('080308', '08', '0803', U&'PUCYURA'),
    ('080309', '08', '0803', U&'ZURITE'),
    ('080401', '08', '0804', U&'CALCA'),
    ('080402', '08', '0804', U&'COYA'),
    ('080403', '08', '0804', U&'LAMAY'),
    ('080404', '08', '0804', U&'LARES'),
    ('080405', '08', '0804', U&'PISAC'),
    ('080406', '08', '0804', U&'SAN SALVADOR'),
    ('080407', '08', '0804', U&'TARAY'),
    ('080408', '08', '0804', U&'YANATILE'),
    ('080501', '08', '0805', U&'YANAOCA'),
    ('080502', '08', '0805', U&'CHECCA'),
    ('080503', '08', '0805', U&'KUNTURKANKI'),
    ('080504', '08', '0805', U&'LANGUI'),
    ('080505', '08', '0805', U&'LAYO'),
    ('080506', '08', '0805', U&'PAMPAMARCA'),
    ('080507', '08', '0805', U&'QUEHUE'),
    ('080508', '08', '0805', U&'TUPAC AMARU'),
    ('080601', '08', '0806', U&'SICUANI'),
    ('080602', '08', '0806', U&'CHECACUPE'),
    ('080603', '08', '0806', U&'COMBAPATA'),
    ('080604', '08', '0806', U&'MARANGANI'),
    ('080605', '08', '0806', U&'PITUMARCA'),
    ('080606', '08', '0806', U&'SAN PABLO'),
    ('080607', '08', '0806', U&'SAN PEDRO'),
    ('080608', '08', '0806', U&'TINTA'),
    ('080701', '08', '0807', U&'SANTO TOMAS'),
    ('080702', '08', '0807', U&'CAPACMARCA'),
    ('080703', '08', '0807', U&'CHAMACA'),
    ('080704', '08', '0807', U&'COLQUEMARCA'),
    ('080705', '08', '0807', U&'LIVITACA'),
    ('080706', '08', '0807', U&'LLUSCO'),
    ('080707', '08', '0807', U&'QUI\00D1OTA'),
    ('080708', '08', '0807', U&'VELILLE'),
    ('080801', '08', '0808', U&'ESPINAR'),
    ('080802', '08', '0808', U&'CONDOROMA'),
    ('080803', '08', '0808', U&'COPORAQUE'),
    ('080804', '08', '0808', U&'OCORURO'),
    ('080805', '08', '0808', U&'PALLPATA'),
    ('080806', '08', '0808', U&'PICHIGUA'),
    ('080807', '08', '0808', U&'SUYCKUTAMBO'),
    ('080808', '08', '0808', U&'ALTO PICHIGUA'),
    ('080901', '08', '0809', U&'SANTA ANA'),
    ('080902', '08', '0809', U&'ECHARATE'),
    ('080903', '08', '0809', U&'HUAYOPATA'),
    ('080904', '08', '0809', U&'MARANURA'),
    ('080905', '08', '0809', U&'OCOBAMBA'),
    ('080906', '08', '0809', U&'QUELLOUNO'),
    ('080907', '08', '0809', U&'QUIMBIRI'),
    ('080908', '08', '0809', U&'SANTA TERESA'),
    ('080909', '08', '0809', U&'VILCABAMBA'),
    ('080910', '08', '0809', U&'PICHARI'),
    ('080911', '08', '0809', U&'INKAWASI'),
    ('080912', '08', '0809', U&'VILLA VIRGEN'),
    ('080913', '08', '0809', U&'VILLA KINTIARINA'),
    ('080914', '08', '0809', U&'MEGANTONI'),
    ('080915', '08', '0809', U&'KUMPIRUSHIATO'),
    ('080916', '08', '0809', U&'CIELO PUNCO'),
    ('080917', '08', '0809', U&'MANITEA'),
    ('080918', '08', '0809', U&'UNION ASH\00C1NINKA'),
    ('081001', '08', '0810', U&'PARURO'),
    ('081002', '08', '0810', U&'ACCHA'),
    ('081003', '08', '0810', U&'CCAPI'),
    ('081004', '08', '0810', U&'COLCHA'),
    ('081005', '08', '0810', U&'HUANOQUITE'),
    ('081006', '08', '0810', U&'OMACHA'),
    ('081007', '08', '0810', U&'PACCARITAMBO'),
    ('081008', '08', '0810', U&'PILLPINTO'),
    ('081009', '08', '0810', U&'YAURISQUE'),
    ('081101', '08', '0811', U&'PAUCARTAMBO'),
    ('081102', '08', '0811', U&'CAICAY'),
    ('081103', '08', '0811', U&'CHALLABAMBA'),
    ('081104', '08', '0811', U&'COLQUEPATA'),
    ('081105', '08', '0811', U&'HUANCARANI'),
    ('081106', '08', '0811', U&'KOS\00D1IPATA'),
    ('081201', '08', '0812', U&'URCOS'),
    ('081202', '08', '0812', U&'ANDAHUAYLILLAS'),
    ('081203', '08', '0812', U&'CAMANTI'),
    ('081204', '08', '0812', U&'CCARHUAYO'),
    ('081205', '08', '0812', U&'CCATCA'),
    ('081206', '08', '0812', U&'CUSIPATA'),
    ('081207', '08', '0812', U&'HUARO'),
    ('081208', '08', '0812', U&'LUCRE'),
    ('081209', '08', '0812', U&'MARCAPATA'),
    ('081210', '08', '0812', U&'OCONGATE'),
    ('081211', '08', '0812', U&'OROPESA'),
    ('081212', '08', '0812', U&'QUIQUIJANA'),
    ('081301', '08', '0813', U&'URUBAMBA'),
    ('081302', '08', '0813', U&'CHINCHERO'),
    ('081303', '08', '0813', U&'HUAYLLABAMBA'),
    ('081304', '08', '0813', U&'MACHUPICCHU'),
    ('081305', '08', '0813', U&'MARAS'),
    ('081306', '08', '0813', U&'OLLANTAYTAMBO'),
    ('081307', '08', '0813', U&'YUCAY'),
    ('090101', '09', '0901', U&'HUANCAVELICA'),
    ('090102', '09', '0901', U&'ACOBAMBILLA'),
    ('090103', '09', '0901', U&'ACORIA'),
    ('090104', '09', '0901', U&'CONAYCA'),
    ('090105', '09', '0901', U&'CUENCA'),
    ('090106', '09', '0901', U&'HUACHOCOLPA'),
    ('090107', '09', '0901', U&'HUAYLLAHUARA'),
    ('090108', '09', '0901', U&'IZCUCHACA'),
    ('090109', '09', '0901', U&'LARIA'),
    ('090110', '09', '0901', U&'MANTA'),
    ('090111', '09', '0901', U&'MARISCAL CACERES'),
    ('090112', '09', '0901', U&'MOYA'),
    ('090113', '09', '0901', U&'NUEVO OCCORO'),
    ('090114', '09', '0901', U&'PALCA'),
    ('090115', '09', '0901', U&'PILCHACA'),
    ('090116', '09', '0901', U&'VILCA'),
    ('090117', '09', '0901', U&'YAULI'),
    ('090118', '09', '0901', U&'ASCENSION'),
    ('090119', '09', '0901', U&'HUANDO'),
    ('090201', '09', '0902', U&'ACOBAMBA'),
    ('090202', '09', '0902', U&'ANDABAMBA'),
    ('090203', '09', '0902', U&'ANTA'),
    ('090204', '09', '0902', U&'CAJA'),
    ('090205', '09', '0902', U&'MARCAS'),
    ('090206', '09', '0902', U&'PAUCARA'),
    ('090207', '09', '0902', U&'POMACOCHA'),
    ('090208', '09', '0902', U&'ROSARIO'),
    ('090301', '09', '0903', U&'LIRCAY'),
    ('090302', '09', '0903', U&'ANCHONGA'),
    ('090303', '09', '0903', U&'CALLANMARCA'),
    ('090304', '09', '0903', U&'CCOCHACCASA'),
    ('090305', '09', '0903', U&'CHINCHO'),
    ('090306', '09', '0903', U&'CONGALLA'),
    ('090307', '09', '0903', U&'HUANCA-HUANCA'),
    ('090308', '09', '0903', U&'HUAYLLAY GRANDE'),
    ('090309', '09', '0903', U&'JULCAMARCA'),
    ('090310', '09', '0903', U&'SAN ANTONIO DE ANTAPARCO'),
    ('090311', '09', '0903', U&'SANTO TOMAS DE PATA'),
    ('090312', '09', '0903', U&'SECCLLA'),
    ('090401', '09', '0904', U&'CASTROVIRREYNA'),
    ('090402', '09', '0904', U&'ARMA'),
    ('090403', '09', '0904', U&'AURAHUA'),
    ('090404', '09', '0904', U&'CAPILLAS'),
    ('090405', '09', '0904', U&'CHUPAMARCA'),
    ('090406', '09', '0904', U&'COCAS'),
    ('090407', '09', '0904', U&'HUACHOS'),
    ('090408', '09', '0904', U&'HUAMATAMBO'),
    ('090409', '09', '0904', U&'MOLLEPAMPA'),
    ('090410', '09', '0904', U&'SAN JUAN'),
    ('090411', '09', '0904', U&'SANTA ANA'),
    ('090412', '09', '0904', U&'TANTARA'),
    ('090413', '09', '0904', U&'TICRAPO'),
    ('090501', '09', '0905', U&'CHURCAMPA'),
    ('090502', '09', '0905', U&'ANCO'),
    ('090503', '09', '0905', U&'CHINCHIHUASI'),
    ('090504', '09', '0905', U&'EL CARMEN'),
    ('090505', '09', '0905', U&'LA MERCED'),
    ('090506', '09', '0905', U&'LOCROJA'),
    ('090507', '09', '0905', U&'PAUCARBAMBA'),
    ('090508', '09', '0905', U&'SAN MIGUEL DE MAYOCC'),
    ('090509', '09', '0905', U&'SAN PEDRO DE CORIS'),
    ('090510', '09', '0905', U&'PACHAMARCA'),
    ('090511', '09', '0905', U&'COSME'),
    ('090601', '09', '0906', U&'HUAYTARA'),
    ('090602', '09', '0906', U&'AYAVI'),
    ('090603', '09', '0906', U&'CORDOVA'),
    ('090604', '09', '0906', U&'HUAYACUNDO ARMA'),
    ('090605', '09', '0906', U&'LARAMARCA'),
    ('090606', '09', '0906', U&'OCOYO'),
    ('090607', '09', '0906', U&'PILPICHACA'),
    ('090608', '09', '0906', U&'QUERCO'),
    ('090609', '09', '0906', U&'QUITO-ARMA'),
    ('090610', '09', '0906', U&'SAN ANTONIO DE CUSICANCHA'),
    ('090611', '09', '0906', U&'SAN FRANCISCO DE SANGAYAICO'),
    ('090612', '09', '0906', U&'SAN ISIDRO'),
    ('090613', '09', '0906', U&'SANTIAGO DE CHOCORVOS'),
    ('090614', '09', '0906', U&'SANTIAGO DE QUIRAHUARA'),
    ('090615', '09', '0906', U&'SANTO DOMINGO DE CAPILLAS'),
    ('090616', '09', '0906', U&'TAMBO'),
    ('090701', '09', '0907', U&'PAMPAS'),
    ('090702', '09', '0907', U&'ACOSTAMBO'),
    ('090703', '09', '0907', U&'ACRAQUIA'),
    ('090704', '09', '0907', U&'AHUAYCHA'),
    ('090705', '09', '0907', U&'COLCABAMBA'),
    ('090706', '09', '0907', U&'DANIEL HERNANDEZ'),
    ('090707', '09', '0907', U&'HUACHOCOLPA'),
    ('090709', '09', '0907', U&'HUARIBAMBA'),
    ('090710', '09', '0907', U&'\00D1AHUIMPUQUIO'),
    ('090711', '09', '0907', U&'PAZOS'),
    ('090713', '09', '0907', U&'QUISHUAR'),
    ('090714', '09', '0907', U&'SALCABAMBA'),
    ('090715', '09', '0907', U&'SALCAHUASI'),
    ('090716', '09', '0907', U&'SAN MARCOS DE ROCCHAC'),
    ('090717', '09', '0907', U&'SURCUBAMBA'),
    ('090718', '09', '0907', U&'TINTAY PUNCU'),
    ('090719', '09', '0907', U&'QUICHUAS'),
    ('090720', '09', '0907', U&'ANDAYMARCA'),
    ('090721', '09', '0907', U&'ROBLE'),
    ('090722', '09', '0907', U&'PICHOS'),
    ('090723', '09', '0907', U&'SANTIAGO DE TUCUMA'),
    ('090724', '09', '0907', U&'LAMBRAS'),
    ('090725', '09', '0907', U&'COCHABAMBA'),
    ('100101', '10', '1001', U&'HUANUCO'),
    ('100102', '10', '1001', U&'AMARILIS'),
    ('100103', '10', '1001', U&'CHINCHAO'),
    ('100104', '10', '1001', U&'CHURUBAMBA'),
    ('100105', '10', '1001', U&'MARGOS'),
    ('100106', '10', '1001', U&'QUISQUI'),
    ('100107', '10', '1001', U&'SAN FRANCISCO DE CAYRAN'),
    ('100108', '10', '1001', U&'SAN PEDRO DE CHAULAN'),
    ('100109', '10', '1001', U&'SANTA MARIA DEL VALLE'),
    ('100110', '10', '1001', U&'YARUMAYO'),
    ('100111', '10', '1001', U&'PILLCO MARCA'),
    ('100112', '10', '1001', U&'YACUS'),
    ('100113', '10', '1001', U&'SAN PABLO DE PILLAO'),
    ('100201', '10', '1002', U&'AMBO'),
    ('100202', '10', '1002', U&'CAYNA'),
    ('100203', '10', '1002', U&'COLPAS'),
    ('100204', '10', '1002', U&'CONCHAMARCA'),
    ('100205', '10', '1002', U&'HUACAR'),
    ('100206', '10', '1002', U&'SAN FRANCISCO'),
    ('100207', '10', '1002', U&'SAN RAFAEL'),
    ('100208', '10', '1002', U&'TOMAY KICHWA'),
    ('100301', '10', '1003', U&'LA UNION'),
    ('100307', '10', '1003', U&'CHUQUIS'),
    ('100311', '10', '1003', U&'MARIAS'),
    ('100313', '10', '1003', U&'PACHAS'),
    ('100316', '10', '1003', U&'QUIVILLA'),
    ('100317', '10', '1003', U&'RIPAN'),
    ('100321', '10', '1003', U&'SHUNQUI'),
    ('100322', '10', '1003', U&'SILLAPATA'),
    ('100323', '10', '1003', U&'YANAS'),
    ('100401', '10', '1004', U&'HUACAYBAMBA'),
    ('100402', '10', '1004', U&'CANCHABAMBA'),
    ('100403', '10', '1004', U&'COCHABAMBA'),
    ('100404', '10', '1004', U&'PINRA'),
    ('100501', '10', '1005', U&'LLATA'),
    ('100502', '10', '1005', U&'ARANCAY'),
    ('100503', '10', '1005', U&'CHAVIN DE PARIARCA'),
    ('100504', '10', '1005', U&'JACAS GRANDE'),
    ('100505', '10', '1005', U&'JIRCAN'),
    ('100506', '10', '1005', U&'MIRAFLORES'),
    ('100507', '10', '1005', U&'MONZON'),
    ('100508', '10', '1005', U&'PUNCHAO'),
    ('100509', '10', '1005', U&'PU\00D1OS'),
    ('100510', '10', '1005', U&'SINGA'),
    ('100511', '10', '1005', U&'TANTAMAYO'),
    ('100601', '10', '1006', U&'RUPA-RUPA'),
    ('100602', '10', '1006', U&'DANIEL ALOMIAS ROBLES'),
    ('100603', '10', '1006', U&'HERMILIO VALDIZAN'),
    ('100604', '10', '1006', U&'JOSE CRESPO Y CASTILLO'),
    ('100605', '10', '1006', U&'LUYANDO'),
    ('100606', '10', '1006', U&'MARIANO DAMASO BERAUN'),
    ('100607', '10', '1006', U&'PUCAYACU'),
    ('100608', '10', '1006', U&'CASTILLO GRANDE'),
    ('100609', '10', '1006', U&'PUEBLO NUEVO'),
    ('100610', '10', '1006', U&'SANTO DOMINGO DE ANDA'),
    ('100701', '10', '1007', U&'HUACRACHUCO'),
    ('100702', '10', '1007', U&'CHOLON'),
    ('100703', '10', '1007', U&'SAN BUENAVENTURA'),
    ('100704', '10', '1007', U&'LA MORADA'),
    ('100705', '10', '1007', U&'SANTA ROSA DE ALTO YANAJANCA'),
    ('100801', '10', '1008', U&'PANAO'),
    ('100802', '10', '1008', U&'CHAGLLA'),
    ('100803', '10', '1008', U&'MOLINO'),
    ('100804', '10', '1008', U&'UMARI'),
    ('100901', '10', '1009', U&'PUERTO INCA'),
    ('100902', '10', '1009', U&'CODO DEL POZUZO'),
    ('100903', '10', '1009', U&'HONORIA'),
    ('100904', '10', '1009', U&'TOURNAVISTA'),
    ('100905', '10', '1009', U&'YUYAPICHIS'),
    ('101001', '10', '1010', U&'JESUS'),
    ('101002', '10', '1010', U&'BA\00D1OS'),
    ('101003', '10', '1010', U&'JIVIA'),
    ('101004', '10', '1010', U&'QUEROPALCA'),
    ('101005', '10', '1010', U&'RONDOS'),
    ('101006', '10', '1010', U&'SAN FRANCISCO DE ASIS'),
    ('101007', '10', '1010', U&'SAN MIGUEL DE CAURI'),
    ('101101', '10', '1011', U&'CHAVINILLO'),
    ('101102', '10', '1011', U&'CAHUAC'),
    ('101103', '10', '1011', U&'CHACABAMBA'),
    ('101104', '10', '1011', U&'APARICIO POMARES'),
    ('101105', '10', '1011', U&'JACAS CHICO'),
    ('101106', '10', '1011', U&'OBAS'),
    ('101107', '10', '1011', U&'PAMPAMARCA'),
    ('101108', '10', '1011', U&'CHORAS'),
    ('110101', '11', '1101', U&'ICA'),
    ('110102', '11', '1101', U&'LA TINGUI\00D1A'),
    ('110103', '11', '1101', U&'LOS AQUIJES'),
    ('110104', '11', '1101', U&'OCUCAJE'),
    ('110105', '11', '1101', U&'PACHACUTEC'),
    ('110106', '11', '1101', U&'PARCONA'),
    ('110107', '11', '1101', U&'PUEBLO NUEVO'),
    ('110108', '11', '1101', U&'SALAS'),
    ('110109', '11', '1101', U&'SAN JOSE DE LOS MOLINOS'),
    ('110110', '11', '1101', U&'SAN JUAN BAUTISTA'),
    ('110111', '11', '1101', U&'SANTIAGO'),
    ('110112', '11', '1101', U&'SUBTANJALLA'),
    ('110113', '11', '1101', U&'TATE'),
    ('110114', '11', '1101', U&'YAUCA DEL ROSARIO'),
    ('110201', '11', '1102', U&'CHINCHA ALTA'),
    ('110202', '11', '1102', U&'ALTO LARAN'),
    ('110203', '11', '1102', U&'CHAVIN'),
    ('110204', '11', '1102', U&'CHINCHA BAJA'),
    ('110205', '11', '1102', U&'EL CARMEN'),
    ('110206', '11', '1102', U&'GROCIO PRADO'),
    ('110207', '11', '1102', U&'PUEBLO NUEVO'),
    ('110208', '11', '1102', U&'SAN JUAN DE YANAC'),
    ('110209', '11', '1102', U&'SAN PEDRO DE HUACARPANA'),
    ('110210', '11', '1102', U&'SUNAMPE'),
    ('110211', '11', '1102', U&'TAMBO DE MORA'),
    ('110301', '11', '1103', U&'NAZCA'),
    ('110302', '11', '1103', U&'CHANGUILLO'),
    ('110303', '11', '1103', U&'EL INGENIO'),
    ('110304', '11', '1103', U&'MARCONA'),
    ('110305', '11', '1103', U&'VISTA ALEGRE'),
    ('110401', '11', '1104', U&'PALPA'),
    ('110402', '11', '1104', U&'LLIPATA'),
    ('110403', '11', '1104', U&'RIO GRANDE'),
    ('110404', '11', '1104', U&'SANTA CRUZ'),
    ('110405', '11', '1104', U&'TIBILLO'),
    ('110501', '11', '1105', U&'PISCO'),
    ('110502', '11', '1105', U&'HUANCANO'),
    ('110503', '11', '1105', U&'HUMAY'),
    ('110504', '11', '1105', U&'INDEPENDENCIA'),
    ('110505', '11', '1105', U&'PARACAS'),
    ('110506', '11', '1105', U&'SAN ANDRES'),
    ('110507', '11', '1105', U&'SAN CLEMENTE'),
    ('110508', '11', '1105', U&'TUPAC AMARU INCA'),
    ('120101', '12', '1201', U&'HUANCAYO'),
    ('120104', '12', '1201', U&'CARHUACALLANGA'),
    ('120105', '12', '1201', U&'CHACAPAMPA'),
    ('120106', '12', '1201', U&'CHICCHE'),
    ('120107', '12', '1201', U&'CHILCA'),
    ('120108', '12', '1201', U&'CHONGOS ALTO'),
    ('120111', '12', '1201', U&'CHUPURO'),
    ('120112', '12', '1201', U&'COLCA'),
    ('120113', '12', '1201', U&'CULLHUAS'),
    ('120114', '12', '1201', U&'EL TAMBO'),
    ('120116', '12', '1201', U&'HUACRAPUQUIO'),
    ('120117', '12', '1201', U&'HUALHUAS'),
    ('120119', '12', '1201', U&'HUANCAN'),
    ('120120', '12', '1201', U&'HUASICANCHA'),
    ('120121', '12', '1201', U&'HUAYUCACHI'),
    ('120122', '12', '1201', U&'INGENIO'),
    ('120124', '12', '1201', U&'PARIAHUANCA'),
    ('120125', '12', '1201', U&'PILCOMAYO'),
    ('120126', '12', '1201', U&'PUCARA'),
    ('120127', '12', '1201', U&'QUICHUAY'),
    ('120128', '12', '1201', U&'QUILCAS'),
    ('120129', '12', '1201', U&'SAN AGUSTIN'),
    ('120130', '12', '1201', U&'SAN JERONIMO DE TUNAN'),
    ('120132', '12', '1201', U&'SA\00D1O'),
    ('120133', '12', '1201', U&'SAPALLANGA'),
    ('120134', '12', '1201', U&'SICAYA'),
    ('120135', '12', '1201', U&'SANTO DOMINGO DE ACOBAMBA'),
    ('120136', '12', '1201', U&'VIQUES'),
    ('120201', '12', '1202', U&'CONCEPCION'),
    ('120202', '12', '1202', U&'ACO'),
    ('120203', '12', '1202', U&'ANDAMARCA'),
    ('120204', '12', '1202', U&'CHAMBARA'),
    ('120205', '12', '1202', U&'COCHAS'),
    ('120206', '12', '1202', U&'COMAS'),
    ('120207', '12', '1202', U&'HEROINAS TOLEDO'),
    ('120208', '12', '1202', U&'MANZANARES'),
    ('120209', '12', '1202', U&'MARISCAL CASTILLA'),
    ('120210', '12', '1202', U&'MATAHUASI'),
    ('120211', '12', '1202', U&'MITO'),
    ('120212', '12', '1202', U&'NUEVE DE JULIO'),
    ('120213', '12', '1202', U&'ORCOTUNA'),
    ('120214', '12', '1202', U&'SAN JOSE DE QUERO'),
    ('120215', '12', '1202', U&'SANTA ROSA DE OCOPA'),
    ('120301', '12', '1203', U&'CHANCHAMAYO'),
    ('120302', '12', '1203', U&'PERENE'),
    ('120303', '12', '1203', U&'PICHANAQUI'),
    ('120304', '12', '1203', U&'SAN LUIS DE SHUARO'),
    ('120305', '12', '1203', U&'SAN RAMON'),
    ('120306', '12', '1203', U&'VITOC'),
    ('120401', '12', '1204', U&'JAUJA'),
    ('120402', '12', '1204', U&'ACOLLA'),
    ('120403', '12', '1204', U&'APATA'),
    ('120404', '12', '1204', U&'ATAURA'),
    ('120405', '12', '1204', U&'CANCHAYLLO'),
    ('120406', '12', '1204', U&'CURICACA'),
    ('120407', '12', '1204', U&'EL MANTARO'),
    ('120408', '12', '1204', U&'HUAMALI'),
    ('120409', '12', '1204', U&'HUARIPAMPA'),
    ('120410', '12', '1204', U&'HUERTAS'),
    ('120411', '12', '1204', U&'JANJAILLO'),
    ('120412', '12', '1204', U&'JULCAN'),
    ('120413', '12', '1204', U&'LEONOR ORDO\00D1EZ'),
    ('120414', '12', '1204', U&'LLOCLLAPAMPA'),
    ('120415', '12', '1204', U&'MARCO'),
    ('120416', '12', '1204', U&'MASMA'),
    ('120417', '12', '1204', U&'MASMA CHICCHE'),
    ('120418', '12', '1204', U&'MOLINOS'),
    ('120419', '12', '1204', U&'MONOBAMBA'),
    ('120420', '12', '1204', U&'MUQUI'),
    ('120421', '12', '1204', U&'MUQUIYAUYO'),
    ('120422', '12', '1204', U&'PACA'),
    ('120423', '12', '1204', U&'PACCHA'),
    ('120424', '12', '1204', U&'PANCAN'),
    ('120425', '12', '1204', U&'PARCO'),
    ('120426', '12', '1204', U&'POMACANCHA'),
    ('120427', '12', '1204', U&'RICRAN'),
    ('120428', '12', '1204', U&'SAN LORENZO'),
    ('120429', '12', '1204', U&'SAN PEDRO DE CHUNAN'),
    ('120430', '12', '1204', U&'SAUSA'),
    ('120431', '12', '1204', U&'SINCOS'),
    ('120432', '12', '1204', U&'TUNAN MARCA'),
    ('120433', '12', '1204', U&'YAULI'),
    ('120434', '12', '1204', U&'YAUYOS'),
    ('120501', '12', '1205', U&'JUNIN'),
    ('120502', '12', '1205', U&'CARHUAMAYO'),
    ('120503', '12', '1205', U&'ONDORES'),
    ('120504', '12', '1205', U&'ULCUMAYO'),
    ('120601', '12', '1206', U&'SATIPO'),
    ('120602', '12', '1206', U&'COVIRIALI'),
    ('120603', '12', '1206', U&'LLAYLLA'),
    ('120604', '12', '1206', U&'MAZAMARI'),
    ('120605', '12', '1206', U&'PAMPA HERMOSA'),
    ('120606', '12', '1206', U&'PANGOA'),
    ('120607', '12', '1206', U&'RIO NEGRO'),
    ('120608', '12', '1206', U&'RIO TAMBO'),
    ('120609', '12', '1206', U&'VIZCATAN DEL ENE'),
    ('120701', '12', '1207', U&'TARMA'),
    ('120702', '12', '1207', U&'ACOBAMBA'),
    ('120703', '12', '1207', U&'HUARICOLCA'),
    ('120704', '12', '1207', U&'HUASAHUASI'),
    ('120705', '12', '1207', U&'LA UNION'),
    ('120706', '12', '1207', U&'PALCA'),
    ('120707', '12', '1207', U&'PALCAMAYO'),
    ('120708', '12', '1207', U&'SAN PEDRO DE CAJAS'),
    ('120709', '12', '1207', U&'TAPO'),
    ('120801', '12', '1208', U&'LA OROYA'),
    ('120802', '12', '1208', U&'CHACAPALPA'),
    ('120803', '12', '1208', U&'HUAY-HUAY'),
    ('120804', '12', '1208', U&'MARCAPOMACOCHA'),
    ('120805', '12', '1208', U&'MOROCOCHA'),
    ('120806', '12', '1208', U&'PACCHA'),
    ('120807', '12', '1208', U&'SANTA BARBARA DE CARHUACAYAN'),
    ('120808', '12', '1208', U&'SANTA ROSA DE SACCO'),
    ('120809', '12', '1208', U&'SUITUCANCHA'),
    ('120810', '12', '1208', U&'YAULI'),
    ('120901', '12', '1209', U&'CHUPACA'),
    ('120902', '12', '1209', U&'AHUAC'),
    ('120903', '12', '1209', U&'CHONGOS BAJO'),
    ('120904', '12', '1209', U&'HUACHAC'),
    ('120905', '12', '1209', U&'HUAMANCACA CHICO'),
    ('120906', '12', '1209', U&'SAN JUAN DE YSCOS'),
    ('120907', '12', '1209', U&'SAN JUAN DE JARPA'),
    ('120908', '12', '1209', U&'TRES DE DICIEMBRE'),
    ('120909', '12', '1209', U&'YANACANCHA'),
    ('130101', '13', '1301', U&'TRUJILLO'),
    ('130102', '13', '1301', U&'EL PORVENIR'),
    ('130103', '13', '1301', U&'FLORENCIA DE MORA'),
    ('130104', '13', '1301', U&'HUANCHACO'),
    ('130105', '13', '1301', U&'LA ESPERANZA'),
    ('130106', '13', '1301', U&'LAREDO'),
    ('130107', '13', '1301', U&'MOCHE'),
    ('130108', '13', '1301', U&'POROTO'),
    ('130109', '13', '1301', U&'SALAVERRY'),
    ('130110', '13', '1301', U&'SIMBAL'),
    ('130111', '13', '1301', U&'VICTOR LARCO HERRERA'),
    ('130201', '13', '1302', U&'ASCOPE'),
    ('130202', '13', '1302', U&'CHICAMA'),
    ('130203', '13', '1302', U&'CHOCOPE'),
    ('130204', '13', '1302', U&'MAGDALENA DE CAO'),
    ('130205', '13', '1302', U&'PAIJAN'),
    ('130206', '13', '1302', U&'RAZURI'),
    ('130207', '13', '1302', U&'SANTIAGO DE CAO'),
    ('130208', '13', '1302', U&'CASA GRANDE'),
    ('130301', '13', '1303', U&'BOLIVAR'),
    ('130302', '13', '1303', U&'BAMBAMARCA'),
    ('130303', '13', '1303', U&'CONDORMARCA'),
    ('130304', '13', '1303', U&'LONGOTEA'),
    ('130305', '13', '1303', U&'UCHUMARCA'),
    ('130306', '13', '1303', U&'UCUNCHA'),
    ('130401', '13', '1304', U&'CHEPEN'),
    ('130402', '13', '1304', U&'PACANGA'),
    ('130403', '13', '1304', U&'PUEBLO NUEVO'),
    ('130501', '13', '1305', U&'JULCAN'),
    ('130502', '13', '1305', U&'CALAMARCA'),
    ('130503', '13', '1305', U&'CARABAMBA'),
    ('130504', '13', '1305', U&'HUASO'),
    ('130601', '13', '1306', U&'OTUZCO'),
    ('130602', '13', '1306', U&'AGALLPAMPA'),
    ('130604', '13', '1306', U&'CHARAT'),
    ('130605', '13', '1306', U&'HUARANCHAL'),
    ('130606', '13', '1306', U&'LA CUESTA'),
    ('130608', '13', '1306', U&'MACHE'),
    ('130610', '13', '1306', U&'PARANDAY'),
    ('130611', '13', '1306', U&'SALPO'),
    ('130613', '13', '1306', U&'SINSICAP'),
    ('130614', '13', '1306', U&'USQUIL'),
    ('130701', '13', '1307', U&'SAN PEDRO DE LLOC'),
    ('130702', '13', '1307', U&'GUADALUPE'),
    ('130703', '13', '1307', U&'JEQUETEPEQUE'),
    ('130704', '13', '1307', U&'PACASMAYO'),
    ('130705', '13', '1307', U&'SAN JOSE'),
    ('130801', '13', '1308', U&'TAYABAMBA'),
    ('130802', '13', '1308', U&'BULDIBUYO'),
    ('130803', '13', '1308', U&'CHILLIA'),
    ('130804', '13', '1308', U&'HUANCASPATA'),
    ('130805', '13', '1308', U&'HUAYLILLAS'),
    ('130806', '13', '1308', U&'HUAYO'),
    ('130807', '13', '1308', U&'ONGON'),
    ('130808', '13', '1308', U&'PARCOY'),
    ('130809', '13', '1308', U&'PATAZ'),
    ('130810', '13', '1308', U&'PIAS'),
    ('130811', '13', '1308', U&'SANTIAGO DE CHALLAS'),
    ('130812', '13', '1308', U&'TAURIJA'),
    ('130813', '13', '1308', U&'URPAY'),
    ('130901', '13', '1309', U&'HUAMACHUCO'),
    ('130902', '13', '1309', U&'CHUGAY'),
    ('130903', '13', '1309', U&'COCHORCO'),
    ('130904', '13', '1309', U&'CURGOS'),
    ('130905', '13', '1309', U&'MARCABAL'),
    ('130906', '13', '1309', U&'SANAGORAN'),
    ('130907', '13', '1309', U&'SARIN'),
    ('130908', '13', '1309', U&'SARTIMBAMBA'),
    ('131001', '13', '1310', U&'SANTIAGO DE CHUCO'),
    ('131002', '13', '1310', U&'ANGASMARCA'),
    ('131003', '13', '1310', U&'CACHICADAN'),
    ('131004', '13', '1310', U&'MOLLEBAMBA'),
    ('131005', '13', '1310', U&'MOLLEPATA'),
    ('131006', '13', '1310', U&'QUIRUVILCA'),
    ('131007', '13', '1310', U&'SANTA CRUZ DE CHUCA'),
    ('131008', '13', '1310', U&'SITABAMBA'),
    ('131101', '13', '1311', U&'CASCAS'),
    ('131102', '13', '1311', U&'LUCMA'),
    ('131103', '13', '1311', U&'MARMOT'),
    ('131104', '13', '1311', U&'SAYAPULLO'),
    ('131201', '13', '1312', U&'VIRU'),
    ('131202', '13', '1312', U&'CHAO'),
    ('131203', '13', '1312', U&'GUADALUPITO'),
    ('140101', '14', '1401', U&'CHICLAYO'),
    ('140102', '14', '1401', U&'CHONGOYAPE'),
    ('140103', '14', '1401', U&'ETEN'),
    ('140104', '14', '1401', U&'ETEN PUERTO'),
    ('140105', '14', '1401', U&'JOSE LEONARDO ORTIZ'),
    ('140106', '14', '1401', U&'LA VICTORIA'),
    ('140107', '14', '1401', U&'LAGUNAS'),
    ('140108', '14', '1401', U&'MONSEFU'),
    ('140109', '14', '1401', U&'NUEVA ARICA'),
    ('140110', '14', '1401', U&'OYOTUN'),
    ('140111', '14', '1401', U&'PICSI'),
    ('140112', '14', '1401', U&'PIMENTEL'),
    ('140113', '14', '1401', U&'REQUE'),
    ('140114', '14', '1401', U&'SANTA ROSA'),
    ('140115', '14', '1401', U&'SA\00D1A'),
    ('140116', '14', '1401', U&'CAYALTI'),
    ('140117', '14', '1401', U&'PATAPO'),
    ('140118', '14', '1401', U&'POMALCA'),
    ('140119', '14', '1401', U&'PUCALA'),
    ('140120', '14', '1401', U&'TUMAN'),
    ('140201', '14', '1402', U&'FERRE\00D1AFE'),
    ('140202', '14', '1402', U&'CA\00D1ARIS'),
    ('140203', '14', '1402', U&'INCAHUASI'),
    ('140204', '14', '1402', U&'MANUEL ANTONIO MESONES MURO'),
    ('140205', '14', '1402', U&'PITIPO'),
    ('140206', '14', '1402', U&'PUEBLO NUEVO'),
    ('140301', '14', '1403', U&'LAMBAYEQUE'),
    ('140302', '14', '1403', U&'CHOCHOPE'),
    ('140303', '14', '1403', U&'ILLIMO'),
    ('140304', '14', '1403', U&'JAYANCA'),
    ('140305', '14', '1403', U&'MOCHUMI'),
    ('140306', '14', '1403', U&'MORROPE'),
    ('140307', '14', '1403', U&'MOTUPE'),
    ('140308', '14', '1403', U&'OLMOS'),
    ('140309', '14', '1403', U&'PACORA'),
    ('140310', '14', '1403', U&'SALAS'),
    ('140311', '14', '1403', U&'SAN JOSE'),
    ('140312', '14', '1403', U&'TUCUME'),
    ('150101', '15', '1501', U&'LIMA'),
    ('150102', '15', '1501', U&'ANCON'),
    ('150103', '15', '1501', U&'ATE'),
    ('150104', '15', '1501', U&'BARRANCO'),
    ('150105', '15', '1501', U&'BRE\00D1A'),
    ('150106', '15', '1501', U&'CARABAYLLO'),
    ('150107', '15', '1501', U&'CHACLACAYO'),
    ('150108', '15', '1501', U&'CHORRILLOS'),
    ('150109', '15', '1501', U&'CIENEGUILLA'),
    ('150110', '15', '1501', U&'COMAS'),
    ('150111', '15', '1501', U&'EL AGUSTINO'),
    ('150112', '15', '1501', U&'INDEPENDENCIA'),
    ('150113', '15', '1501', U&'JESUS MARIA'),
    ('150114', '15', '1501', U&'LA MOLINA'),
    ('150115', '15', '1501', U&'LA VICTORIA'),
    ('150116', '15', '1501', U&'LINCE'),
    ('150117', '15', '1501', U&'LOS OLIVOS'),
    ('150118', '15', '1501', U&'LURIGANCHO'),
    ('150119', '15', '1501', U&'LURIN'),
    ('150120', '15', '1501', U&'MAGDALENA DEL MAR'),
    ('150121', '15', '1501', U&'PUEBLO LIBRE'),
    ('150122', '15', '1501', U&'MIRAFLORES'),
    ('150123', '15', '1501', U&'PACHACAMAC'),
    ('150124', '15', '1501', U&'PUCUSANA'),
    ('150125', '15', '1501', U&'PUENTE PIEDRA'),
    ('150126', '15', '1501', U&'PUNTA HERMOSA'),
    ('150127', '15', '1501', U&'PUNTA NEGRA'),
    ('150128', '15', '1501', U&'RIMAC'),
    ('150129', '15', '1501', U&'SAN BARTOLO'),
    ('150130', '15', '1501', U&'SAN BORJA'),
    ('150131', '15', '1501', U&'SAN ISIDRO'),
    ('150132', '15', '1501', U&'SAN JUAN DE LURIGANCHO'),
    ('150133', '15', '1501', U&'SAN JUAN DE MIRAFLORES'),
    ('150134', '15', '1501', U&'SAN LUIS'),
    ('150135', '15', '1501', U&'SAN MARTIN DE PORRES'),
    ('150136', '15', '1501', U&'SAN MIGUEL'),
    ('150137', '15', '1501', U&'SANTA ANITA'),
    ('150138', '15', '1501', U&'SANTA MARIA DEL MAR'),
    ('150139', '15', '1501', U&'SANTA ROSA'),
    ('150140', '15', '1501', U&'SANTIAGO DE SURCO'),
    ('150141', '15', '1501', U&'SURQUILLO'),
    ('150142', '15', '1501', U&'VILLA EL SALVADOR'),
    ('150143', '15', '1501', U&'VILLA MARIA DEL TRIUNFO'),
    ('150144', '15', '1501', U&'SANTA MARIA DE HUACHIPA'),
    ('150201', '15', '1502', U&'BARRANCA'),
    ('150202', '15', '1502', U&'PARAMONGA'),
    ('150203', '15', '1502', U&'PATIVILCA'),
    ('150204', '15', '1502', U&'SUPE'),
    ('150205', '15', '1502', U&'SUPE PUERTO'),
    ('150301', '15', '1503', U&'CAJATAMBO'),
    ('150302', '15', '1503', U&'COPA'),
    ('150303', '15', '1503', U&'GORGOR'),
    ('150304', '15', '1503', U&'HUANCAPON'),
    ('150305', '15', '1503', U&'MANAS'),
    ('150401', '15', '1504', U&'CANTA'),
    ('150402', '15', '1504', U&'ARAHUAY'),
    ('150403', '15', '1504', U&'HUAMANTANGA'),
    ('150404', '15', '1504', U&'HUAROS'),
    ('150405', '15', '1504', U&'LACHAQUI'),
    ('150406', '15', '1504', U&'SAN BUENAVENTURA'),
    ('150407', '15', '1504', U&'SANTA ROSA DE QUIVES'),
    ('150501', '15', '1505', U&'SAN VICENTE DE CA\00D1ETE'),
    ('150502', '15', '1505', U&'ASIA'),
    ('150503', '15', '1505', U&'CALANGO'),
    ('150504', '15', '1505', U&'CERRO AZUL'),
    ('150505', '15', '1505', U&'CHILCA'),
    ('150506', '15', '1505', U&'COAYLLO'),
    ('150507', '15', '1505', U&'IMPERIAL'),
    ('150508', '15', '1505', U&'LUNAHUANA'),
    ('150509', '15', '1505', U&'MALA'),
    ('150510', '15', '1505', U&'NUEVO IMPERIAL'),
    ('150511', '15', '1505', U&'PACARAN'),
    ('150512', '15', '1505', U&'QUILMANA'),
    ('150513', '15', '1505', U&'SAN ANTONIO'),
    ('150514', '15', '1505', U&'SAN LUIS'),
    ('150515', '15', '1505', U&'SANTA CRUZ DE FLORES'),
    ('150516', '15', '1505', U&'ZU\00D1IGA'),
    ('150601', '15', '1506', U&'HUARAL'),
    ('150602', '15', '1506', U&'ATAVILLOS ALTO'),
    ('150603', '15', '1506', U&'ATAVILLOS BAJO'),
    ('150604', '15', '1506', U&'AUCALLAMA'),
    ('150605', '15', '1506', U&'CHANCAY'),
    ('150606', '15', '1506', U&'IHUARI'),
    ('150607', '15', '1506', U&'LAMPIAN'),
    ('150608', '15', '1506', U&'PACARAOS'),
    ('150609', '15', '1506', U&'SAN MIGUEL DE ACOS'),
    ('150610', '15', '1506', U&'SANTA CRUZ DE ANDAMARCA'),
    ('150611', '15', '1506', U&'SUMBILCA'),
    ('150612', '15', '1506', U&'VEINTISIETE DE NOVIEMBRE'),
    ('150701', '15', '1507', U&'MATUCANA'),
    ('150702', '15', '1507', U&'ANTIOQUIA'),
    ('150703', '15', '1507', U&'CALLAHUANCA'),
    ('150704', '15', '1507', U&'CARAMPOMA'),
    ('150705', '15', '1507', U&'CHICLA'),
    ('150706', '15', '1507', U&'CUENCA'),
    ('150707', '15', '1507', U&'HUACHUPAMPA'),
    ('150708', '15', '1507', U&'HUANZA'),
    ('150709', '15', '1507', U&'HUAROCHIRI'),
    ('150710', '15', '1507', U&'LAHUAYTAMBO'),
    ('150711', '15', '1507', U&'LANGA'),
    ('150712', '15', '1507', U&'LARAOS'),
    ('150713', '15', '1507', U&'MARIATANA'),
    ('150714', '15', '1507', U&'RICARDO PALMA'),
    ('150715', '15', '1507', U&'SAN ANDRES DE TUPICOCHA'),
    ('150716', '15', '1507', U&'SAN ANTONIO'),
    ('150717', '15', '1507', U&'SAN BARTOLOME'),
    ('150718', '15', '1507', U&'SAN DAMIAN'),
    ('150719', '15', '1507', U&'SAN JUAN DE IRIS'),
    ('150720', '15', '1507', U&'SAN JUAN DE TANTARANCHE'),
    ('150721', '15', '1507', U&'SAN LORENZO DE QUINTI'),
    ('150722', '15', '1507', U&'SAN MATEO'),
    ('150723', '15', '1507', U&'SAN MATEO DE OTAO'),
    ('150724', '15', '1507', U&'SAN PEDRO DE CASTA'),
    ('150725', '15', '1507', U&'SAN PEDRO DE HUANCAYRE'),
    ('150726', '15', '1507', U&'SANGALLAYA'),
    ('150727', '15', '1507', U&'SANTA CRUZ DE COCACHACRA'),
    ('150728', '15', '1507', U&'SANTA EULALIA'),
    ('150729', '15', '1507', U&'SANTIAGO DE ANCHUCAYA'),
    ('150730', '15', '1507', U&'SANTIAGO DE TUNA'),
    ('150731', '15', '1507', U&'SANTO DOMINGO DE LOS OLLEROS'),
    ('150732', '15', '1507', U&'SURCO'),
    ('150801', '15', '1508', U&'HUACHO'),
    ('150802', '15', '1508', U&'AMBAR'),
    ('150803', '15', '1508', U&'CALETA DE CARQUIN'),
    ('150804', '15', '1508', U&'CHECRAS'),
    ('150805', '15', '1508', U&'HUALMAY'),
    ('150806', '15', '1508', U&'HUAURA'),
    ('150807', '15', '1508', U&'LEONCIO PRADO'),
    ('150808', '15', '1508', U&'PACCHO'),
    ('150809', '15', '1508', U&'SANTA LEONOR'),
    ('150810', '15', '1508', U&'SANTA MARIA'),
    ('150811', '15', '1508', U&'SAYAN'),
    ('150812', '15', '1508', U&'VEGUETA'),
    ('150901', '15', '1509', U&'OYON'),
    ('150902', '15', '1509', U&'ANDAJES'),
    ('150903', '15', '1509', U&'CAUJUL'),
    ('150904', '15', '1509', U&'COCHAMARCA'),
    ('150905', '15', '1509', U&'NAVAN'),
    ('150906', '15', '1509', U&'PACHANGARA'),
    ('151001', '15', '1510', U&'YAUYOS'),
    ('151002', '15', '1510', U&'ALIS'),
    ('151003', '15', '1510', U&'AYAUCA'),
    ('151004', '15', '1510', U&'AYAVIRI'),
    ('151005', '15', '1510', U&'AZANGARO'),
    ('151006', '15', '1510', U&'CACRA'),
    ('151007', '15', '1510', U&'CARANIA'),
    ('151008', '15', '1510', U&'CATAHUASI'),
    ('151009', '15', '1510', U&'CHOCOS'),
    ('151010', '15', '1510', U&'COCHAS'),
    ('151011', '15', '1510', U&'COLONIA'),
    ('151012', '15', '1510', U&'HONGOS'),
    ('151013', '15', '1510', U&'HUAMPARA'),
    ('151014', '15', '1510', U&'HUANCAYA'),
    ('151015', '15', '1510', U&'HUANGASCAR'),
    ('151016', '15', '1510', U&'HUANTAN'),
    ('151017', '15', '1510', U&'HUA\00D1EC'),
    ('151018', '15', '1510', U&'LARAOS'),
    ('151019', '15', '1510', U&'LINCHA'),
    ('151020', '15', '1510', U&'MADEAN'),
    ('151021', '15', '1510', U&'MIRAFLORES'),
    ('151022', '15', '1510', U&'OMAS'),
    ('151023', '15', '1510', U&'PUTINZA'),
    ('151024', '15', '1510', U&'QUINCHES'),
    ('151025', '15', '1510', U&'QUINOCAY'),
    ('151026', '15', '1510', U&'SAN JOAQUIN'),
    ('151027', '15', '1510', U&'SAN PEDRO DE PILAS'),
    ('151028', '15', '1510', U&'TANTA'),
    ('151029', '15', '1510', U&'TAURIPAMPA'),
    ('151030', '15', '1510', U&'TOMAS'),
    ('151031', '15', '1510', U&'TUPE'),
    ('151032', '15', '1510', U&'VI\00D1AC'),
    ('151033', '15', '1510', U&'VITIS'),
    ('160101', '16', '1601', U&'IQUITOS'),
    ('160102', '16', '1601', U&'ALTO NANAY'),
    ('160103', '16', '1601', U&'FERNANDO LORES'),
    ('160104', '16', '1601', U&'INDIANA'),
    ('160105', '16', '1601', U&'LAS AMAZONAS'),
    ('160106', '16', '1601', U&'MAZAN'),
    ('160107', '16', '1601', U&'NAPO'),
    ('160108', '16', '1601', U&'PUNCHANA'),
    ('160109', '16', '1601', U&'PUTUMAYO'),
    ('160110', '16', '1601', U&'TORRES CAUSANA'),
    ('160112', '16', '1601', U&'BELEN'),
    ('160113', '16', '1601', U&'SAN JUAN BAUTISTA'),
    ('160114', '16', '1601', U&'TENIENTE MANUEL CLAVERO'),
    ('160201', '16', '1602', U&'YURIMAGUAS'),
    ('160202', '16', '1602', U&'BALSAPUERTO'),
    ('160205', '16', '1602', U&'JEBEROS'),
    ('160206', '16', '1602', U&'LAGUNAS'),
    ('160210', '16', '1602', U&'SANTA CRUZ'),
    ('160211', '16', '1602', U&'TENIENTE CESAR LOPEZ ROJAS'),
    ('160301', '16', '1603', U&'NAUTA'),
    ('160302', '16', '1603', U&'PARINARI'),
    ('160303', '16', '1603', U&'TIGRE'),
    ('160304', '16', '1603', U&'TROMPETEROS'),
    ('160305', '16', '1603', U&'URARINAS'),
    ('160401', '16', '1604', U&'RAMON CASTILLA'),
    ('160402', '16', '1604', U&'PEBAS'),
    ('160403', '16', '1604', U&'YAVARI'),
    ('160404', '16', '1604', U&'SAN PABLO'),
    ('160501', '16', '1605', U&'REQUENA'),
    ('160502', '16', '1605', U&'ALTO TAPICHE'),
    ('160503', '16', '1605', U&'CAPELO'),
    ('160504', '16', '1605', U&'EMILIO SAN MARTIN'),
    ('160505', '16', '1605', U&'MAQUIA'),
    ('160506', '16', '1605', U&'PUINAHUA'),
    ('160507', '16', '1605', U&'SAQUENA'),
    ('160508', '16', '1605', U&'SOPLIN'),
    ('160509', '16', '1605', U&'TAPICHE'),
    ('160510', '16', '1605', U&'JENARO HERRERA'),
    ('160511', '16', '1605', U&'YAQUERANA'),
    ('160601', '16', '1606', U&'CONTAMANA'),
    ('160602', '16', '1606', U&'INAHUAYA'),
    ('160603', '16', '1606', U&'PADRE MARQUEZ'),
    ('160604', '16', '1606', U&'PAMPA HERMOSA'),
    ('160605', '16', '1606', U&'SARAYACU'),
    ('160606', '16', '1606', U&'VARGAS GUERRA'),
    ('160701', '16', '1607', U&'BARRANCA'),
    ('160702', '16', '1607', U&'CAHUAPANAS'),
    ('160703', '16', '1607', U&'MANSERICHE'),
    ('160704', '16', '1607', U&'MORONA'),
    ('160705', '16', '1607', U&'PASTAZA'),
    ('160706', '16', '1607', U&'ANDOAS'),
    ('160801', '16', '1608', U&'PUTUMAYO'),
    ('160802', '16', '1608', U&'ROSA PANDURO'),
    ('160803', '16', '1608', U&'TENIENTE MANUEL CLAVERO'),
    ('160804', '16', '1608', U&'YAGUAS'),
    ('170101', '17', '1701', U&'TAMBOPATA'),
    ('170102', '17', '1701', U&'INAMBARI'),
    ('170103', '17', '1701', U&'LAS PIEDRAS'),
    ('170104', '17', '1701', U&'LABERINTO'),
    ('170201', '17', '1702', U&'MANU'),
    ('170202', '17', '1702', U&'FITZCARRALD'),
    ('170203', '17', '1702', U&'MADRE DE DIOS'),
    ('170204', '17', '1702', U&'HUEPETUHE'),
    ('170301', '17', '1703', U&'I\00D1APARI'),
    ('170302', '17', '1703', U&'IBERIA'),
    ('170303', '17', '1703', U&'TAHUAMANU'),
    ('180101', '18', '1801', U&'MOQUEGUA'),
    ('180102', '18', '1801', U&'CARUMAS'),
    ('180103', '18', '1801', U&'CUCHUMBAYA'),
    ('180104', '18', '1801', U&'SAMEGUA'),
    ('180105', '18', '1801', U&'SAN CRISTOBAL'),
    ('180106', '18', '1801', U&'TORATA'),
    ('180201', '18', '1802', U&'OMATE'),
    ('180202', '18', '1802', U&'CHOJATA'),
    ('180203', '18', '1802', U&'COALAQUE'),
    ('180204', '18', '1802', U&'ICHU\00D1A'),
    ('180205', '18', '1802', U&'LA CAPILLA'),
    ('180206', '18', '1802', U&'LLOQUE'),
    ('180207', '18', '1802', U&'MATALAQUE'),
    ('180208', '18', '1802', U&'PUQUINA'),
    ('180209', '18', '1802', U&'QUINISTAQUILLAS'),
    ('180210', '18', '1802', U&'UBINAS'),
    ('180211', '18', '1802', U&'YUNGA'),
    ('180301', '18', '1803', U&'ILO'),
    ('180302', '18', '1803', U&'EL ALGARROBAL'),
    ('180303', '18', '1803', U&'PACOCHA'),
    ('190101', '19', '1901', U&'CHAUPIMARCA'),
    ('190102', '19', '1901', U&'HUACHON'),
    ('190103', '19', '1901', U&'HUARIACA'),
    ('190104', '19', '1901', U&'HUAYLLAY'),
    ('190105', '19', '1901', U&'NINACACA'),
    ('190106', '19', '1901', U&'PALLANCHACRA'),
    ('190107', '19', '1901', U&'PAUCARTAMBO'),
    ('190108', '19', '1901', U&'SAN FRANCISCO DE ASIS DE YARUSYACAN'),
    ('190109', '19', '1901', U&'SIMON BOLIVAR'),
    ('190110', '19', '1901', U&'TICLACAYAN'),
    ('190111', '19', '1901', U&'TINYAHUARCO'),
    ('190112', '19', '1901', U&'VICCO'),
    ('190113', '19', '1901', U&'YANACANCHA'),
    ('190201', '19', '1902', U&'YANAHUANCA'),
    ('190202', '19', '1902', U&'CHACAYAN'),
    ('190203', '19', '1902', U&'GOYLLARISQUIZGA'),
    ('190204', '19', '1902', U&'PAUCAR'),
    ('190205', '19', '1902', U&'SAN PEDRO DE PILLAO'),
    ('190206', '19', '1902', U&'SANTA ANA DE TUSI'),
    ('190207', '19', '1902', U&'TAPUC'),
    ('190208', '19', '1902', U&'VILCABAMBA'),
    ('190301', '19', '1903', U&'OXAPAMPA'),
    ('190302', '19', '1903', U&'CHONTABAMBA'),
    ('190303', '19', '1903', U&'HUANCABAMBA'),
    ('190304', '19', '1903', U&'PALCAZU'),
    ('190305', '19', '1903', U&'POZUZO'),
    ('190306', '19', '1903', U&'PUERTO BERMUDEZ'),
    ('190307', '19', '1903', U&'VILLA RICA'),
    ('190308', '19', '1903', U&'CONSTITUCION'),
    ('200101', '20', '2001', U&'PIURA'),
    ('200104', '20', '2001', U&'CASTILLA'),
    ('200105', '20', '2001', U&'CATACAOS'),
    ('200107', '20', '2001', U&'CURA MORI'),
    ('200108', '20', '2001', U&'EL TALLAN'),
    ('200109', '20', '2001', U&'LA ARENA'),
    ('200110', '20', '2001', U&'LA UNION'),
    ('200111', '20', '2001', U&'LAS LOMAS'),
    ('200114', '20', '2001', U&'TAMBO GRANDE'),
    ('200115', '20', '2001', U&'VEINTISEIS DE OCTUBRE'),
    ('200201', '20', '2002', U&'AYABACA'),
    ('200202', '20', '2002', U&'FRIAS'),
    ('200203', '20', '2002', U&'JILILI'),
    ('200204', '20', '2002', U&'LAGUNAS'),
    ('200205', '20', '2002', U&'MONTERO'),
    ('200206', '20', '2002', U&'PACAIPAMPA'),
    ('200207', '20', '2002', U&'PAIMAS'),
    ('200208', '20', '2002', U&'SAPILLICA'),
    ('200209', '20', '2002', U&'SICCHEZ'),
    ('200210', '20', '2002', U&'SUYO'),
    ('200301', '20', '2003', U&'HUANCABAMBA'),
    ('200302', '20', '2003', U&'CANCHAQUE'),
    ('200303', '20', '2003', U&'EL CARMEN DE LA FRONTERA'),
    ('200304', '20', '2003', U&'HUARMACA'),
    ('200305', '20', '2003', U&'LALAQUIZ'),
    ('200306', '20', '2003', U&'SAN MIGUEL DE EL FAIQUE'),
    ('200307', '20', '2003', U&'SONDOR'),
    ('200308', '20', '2003', U&'SONDORILLO'),
    ('200401', '20', '2004', U&'CHULUCANAS'),
    ('200402', '20', '2004', U&'BUENOS AIRES'),
    ('200403', '20', '2004', U&'CHALACO'),
    ('200404', '20', '2004', U&'LA MATANZA'),
    ('200405', '20', '2004', U&'MORROPON'),
    ('200406', '20', '2004', U&'SALITRAL'),
    ('200407', '20', '2004', U&'SAN JUAN DE BIGOTE'),
    ('200408', '20', '2004', U&'SANTA CATALINA DE MOSSA'),
    ('200409', '20', '2004', U&'SANTO DOMINGO'),
    ('200410', '20', '2004', U&'YAMANGO'),
    ('200501', '20', '2005', U&'PAITA'),
    ('200502', '20', '2005', U&'AMOTAPE'),
    ('200503', '20', '2005', U&'ARENAL'),
    ('200504', '20', '2005', U&'COLAN'),
    ('200505', '20', '2005', U&'LA HUACA'),
    ('200506', '20', '2005', U&'TAMARINDO'),
    ('200507', '20', '2005', U&'VICHAYAL'),
    ('200601', '20', '2006', U&'SULLANA'),
    ('200602', '20', '2006', U&'BELLAVISTA'),
    ('200603', '20', '2006', U&'IGNACIO ESCUDERO'),
    ('200604', '20', '2006', U&'LANCONES'),
    ('200605', '20', '2006', U&'MARCAVELICA'),
    ('200606', '20', '2006', U&'MIGUEL CHECA'),
    ('200607', '20', '2006', U&'QUERECOTILLO'),
    ('200608', '20', '2006', U&'SALITRAL'),
    ('200701', '20', '2007', U&'PARI\00D1AS'),
    ('200702', '20', '2007', U&'EL ALTO'),
    ('200703', '20', '2007', U&'LA BREA'),
    ('200704', '20', '2007', U&'LOBITOS'),
    ('200705', '20', '2007', U&'LOS ORGANOS'),
    ('200706', '20', '2007', U&'MANCORA'),
    ('200801', '20', '2008', U&'SECHURA'),
    ('200802', '20', '2008', U&'BELLAVISTA DE LA UNION'),
    ('200803', '20', '2008', U&'BERNAL'),
    ('200804', '20', '2008', U&'CRISTO NOS VALGA'),
    ('200805', '20', '2008', U&'VICE'),
    ('200806', '20', '2008', U&'RINCONADA LLICUAR'),
    ('210101', '21', '2101', U&'PUNO'),
    ('210102', '21', '2101', U&'ACORA'),
    ('210103', '21', '2101', U&'AMANTANI'),
    ('210104', '21', '2101', U&'ATUNCOLLA'),
    ('210105', '21', '2101', U&'CAPACHICA'),
    ('210106', '21', '2101', U&'CHUCUITO'),
    ('210107', '21', '2101', U&'COATA'),
    ('210108', '21', '2101', U&'HUATA'),
    ('210109', '21', '2101', U&'MA\00D1AZO'),
    ('210110', '21', '2101', U&'PAUCARCOLLA'),
    ('210111', '21', '2101', U&'PICHACANI'),
    ('210112', '21', '2101', U&'PLATERIA'),
    ('210113', '21', '2101', U&'SAN ANTONIO'),
    ('210114', '21', '2101', U&'TIQUILLACA'),
    ('210115', '21', '2101', U&'VILQUE'),
    ('210201', '21', '2102', U&'AZANGARO'),
    ('210202', '21', '2102', U&'ACHAYA'),
    ('210203', '21', '2102', U&'ARAPA'),
    ('210204', '21', '2102', U&'ASILLO'),
    ('210205', '21', '2102', U&'CAMINACA'),
    ('210206', '21', '2102', U&'CHUPA'),
    ('210207', '21', '2102', U&'JOSE DOMINGO CHOQUEHUANCA'),
    ('210208', '21', '2102', U&'MU\00D1ANI'),
    ('210209', '21', '2102', U&'POTONI'),
    ('210210', '21', '2102', U&'SAMAN'),
    ('210211', '21', '2102', U&'SAN ANTON'),
    ('210212', '21', '2102', U&'SAN JOSE'),
    ('210213', '21', '2102', U&'SAN JUAN DE SALINAS'),
    ('210214', '21', '2102', U&'SANTIAGO DE PUPUJA'),
    ('210215', '21', '2102', U&'TIRAPATA'),
    ('210301', '21', '2103', U&'MACUSANI'),
    ('210302', '21', '2103', U&'AJOYANI'),
    ('210303', '21', '2103', U&'AYAPATA'),
    ('210304', '21', '2103', U&'COASA'),
    ('210305', '21', '2103', U&'CORANI'),
    ('210306', '21', '2103', U&'CRUCERO'),
    ('210307', '21', '2103', U&'ITUATA'),
    ('210308', '21', '2103', U&'OLLACHEA'),
    ('210309', '21', '2103', U&'SAN GABAN'),
    ('210310', '21', '2103', U&'USICAYOS'),
    ('210401', '21', '2104', U&'JULI'),
    ('210402', '21', '2104', U&'DESAGUADERO'),
    ('210403', '21', '2104', U&'HUACULLANI'),
    ('210404', '21', '2104', U&'KELLUYO'),
    ('210405', '21', '2104', U&'PISACOMA'),
    ('210406', '21', '2104', U&'POMATA'),
    ('210407', '21', '2104', U&'ZEPITA'),
    ('210501', '21', '2105', U&'ILAVE'),
    ('210502', '21', '2105', U&'CAPAZO'),
    ('210503', '21', '2105', U&'PILCUYO'),
    ('210504', '21', '2105', U&'SANTA ROSA'),
    ('210505', '21', '2105', U&'CONDURIRI'),
    ('210601', '21', '2106', U&'HUANCANE'),
    ('210602', '21', '2106', U&'COJATA'),
    ('210603', '21', '2106', U&'HUATASANI'),
    ('210604', '21', '2106', U&'INCHUPALLA'),
    ('210605', '21', '2106', U&'PUSI'),
    ('210606', '21', '2106', U&'ROSASPATA'),
    ('210607', '21', '2106', U&'TARACO'),
    ('210608', '21', '2106', U&'VILQUE CHICO'),
    ('210701', '21', '2107', U&'LAMPA'),
    ('210702', '21', '2107', U&'CABANILLA'),
    ('210703', '21', '2107', U&'CALAPUJA'),
    ('210704', '21', '2107', U&'NICASIO'),
    ('210705', '21', '2107', U&'OCUVIRI'),
    ('210706', '21', '2107', U&'PALCA'),
    ('210707', '21', '2107', U&'PARATIA'),
    ('210708', '21', '2107', U&'PUCARA'),
    ('210709', '21', '2107', U&'SANTA LUCIA'),
    ('210710', '21', '2107', U&'VILAVILA'),
    ('210801', '21', '2108', U&'AYAVIRI'),
    ('210802', '21', '2108', U&'ANTAUTA'),
    ('210803', '21', '2108', U&'CUPI'),
    ('210804', '21', '2108', U&'LLALLI'),
    ('210805', '21', '2108', U&'MACARI'),
    ('210806', '21', '2108', U&'NU\00D1OA'),
    ('210807', '21', '2108', U&'ORURILLO'),
    ('210808', '21', '2108', U&'SANTA ROSA'),
    ('210809', '21', '2108', U&'UMACHIRI'),
    ('210901', '21', '2109', U&'MOHO'),
    ('210902', '21', '2109', U&'CONIMA'),
    ('210903', '21', '2109', U&'HUAYRAPATA'),
    ('210904', '21', '2109', U&'TILALI'),
    ('211001', '21', '2110', U&'PUTINA'),
    ('211002', '21', '2110', U&'ANANEA'),
    ('211003', '21', '2110', U&'PEDRO VILCA APAZA'),
    ('211004', '21', '2110', U&'QUILCAPUNCU'),
    ('211005', '21', '2110', U&'SINA'),
    ('211101', '21', '2111', U&'JULIACA'),
    ('211102', '21', '2111', U&'CABANA'),
    ('211103', '21', '2111', U&'CABANILLAS'),
    ('211104', '21', '2111', U&'CARACOTO'),
    ('211105', '21', '2111', U&'SAN MIGUEL'),
    ('211201', '21', '2112', U&'SANDIA'),
    ('211202', '21', '2112', U&'CUYOCUYO'),
    ('211203', '21', '2112', U&'LIMBANI'),
    ('211204', '21', '2112', U&'PATAMBUCO'),
    ('211205', '21', '2112', U&'PHARA'),
    ('211206', '21', '2112', U&'QUIACA'),
    ('211207', '21', '2112', U&'SAN JUAN DEL ORO'),
    ('211208', '21', '2112', U&'YANAHUAYA'),
    ('211209', '21', '2112', U&'ALTO INAMBARI'),
    ('211210', '21', '2112', U&'SAN PEDRO DE PUTINA PUNCO'),
    ('211301', '21', '2113', U&'YUNGUYO'),
    ('211302', '21', '2113', U&'ANAPIA'),
    ('211303', '21', '2113', U&'COPANI'),
    ('211304', '21', '2113', U&'CUTURAPI'),
    ('211305', '21', '2113', U&'OLLARAYA'),
    ('211306', '21', '2113', U&'TINICACHI'),
    ('211307', '21', '2113', U&'UNICACHI'),
    ('220101', '22', '2201', U&'MOYOBAMBA'),
    ('220102', '22', '2201', U&'CALZADA'),
    ('220103', '22', '2201', U&'HABANA'),
    ('220104', '22', '2201', U&'JEPELACIO'),
    ('220105', '22', '2201', U&'SORITOR'),
    ('220106', '22', '2201', U&'YANTALO'),
    ('220201', '22', '2202', U&'BELLAVISTA'),
    ('220202', '22', '2202', U&'ALTO BIAVO'),
    ('220203', '22', '2202', U&'BAJO BIAVO'),
    ('220204', '22', '2202', U&'HUALLAGA'),
    ('220205', '22', '2202', U&'SAN PABLO'),
    ('220206', '22', '2202', U&'SAN RAFAEL'),
    ('220301', '22', '2203', U&'SAN JOSE DE SISA'),
    ('220302', '22', '2203', U&'AGUA BLANCA'),
    ('220303', '22', '2203', U&'SAN MARTIN'),
    ('220304', '22', '2203', U&'SANTA ROSA'),
    ('220305', '22', '2203', U&'SHATOJA'),
    ('220401', '22', '2204', U&'SAPOSOA'),
    ('220402', '22', '2204', U&'ALTO SAPOSOA'),
    ('220403', '22', '2204', U&'EL ESLABON'),
    ('220404', '22', '2204', U&'PISCOYACU'),
    ('220405', '22', '2204', U&'SACANCHE'),
    ('220406', '22', '2204', U&'TINGO DE SAPOSOA'),
    ('220501', '22', '2205', U&'LAMAS'),
    ('220502', '22', '2205', U&'ALONSO DE ALVARADO'),
    ('220503', '22', '2205', U&'BARRANQUITA'),
    ('220504', '22', '2205', U&'CAYNARACHI'),
    ('220505', '22', '2205', U&'CU\00D1UMBUQUI'),
    ('220506', '22', '2205', U&'PINTO RECODO'),
    ('220507', '22', '2205', U&'RUMISAPA'),
    ('220508', '22', '2205', U&'SAN ROQUE DE CUMBAZA'),
    ('220509', '22', '2205', U&'SHANAO'),
    ('220510', '22', '2205', U&'TABALOSOS'),
    ('220511', '22', '2205', U&'ZAPATERO'),
    ('220601', '22', '2206', U&'JUANJUI'),
    ('220602', '22', '2206', U&'CAMPANILLA'),
    ('220603', '22', '2206', U&'HUICUNGO'),
    ('220604', '22', '2206', U&'PACHIZA'),
    ('220605', '22', '2206', U&'PAJARILLO'),
    ('220701', '22', '2207', U&'PICOTA'),
    ('220702', '22', '2207', U&'BUENOS AIRES'),
    ('220703', '22', '2207', U&'CASPISAPA'),
    ('220704', '22', '2207', U&'PILLUANA'),
    ('220705', '22', '2207', U&'PUCACACA'),
    ('220706', '22', '2207', U&'SAN CRISTOBAL'),
    ('220707', '22', '2207', U&'SAN HILARION'),
    ('220708', '22', '2207', U&'SHAMBOYACU'),
    ('220709', '22', '2207', U&'TINGO DE PONASA'),
    ('220710', '22', '2207', U&'TRES UNIDOS'),
    ('220801', '22', '2208', U&'RIOJA'),
    ('220802', '22', '2208', U&'AWAJUN'),
    ('220803', '22', '2208', U&'ELIAS SOPLIN VARGAS'),
    ('220804', '22', '2208', U&'NUEVA CAJAMARCA'),
    ('220805', '22', '2208', U&'PARDO MIGUEL'),
    ('220806', '22', '2208', U&'POSIC'),
    ('220807', '22', '2208', U&'SAN FERNANDO'),
    ('220808', '22', '2208', U&'YORONGOS'),
    ('220809', '22', '2208', U&'YURACYACU'),
    ('220901', '22', '2209', U&'TARAPOTO'),
    ('220902', '22', '2209', U&'ALBERTO LEVEAU'),
    ('220903', '22', '2209', U&'CACATACHI'),
    ('220904', '22', '2209', U&'CHAZUTA'),
    ('220905', '22', '2209', U&'CHIPURANA'),
    ('220906', '22', '2209', U&'EL PORVENIR'),
    ('220907', '22', '2209', U&'HUIMBAYOC'),
    ('220908', '22', '2209', U&'JUAN GUERRA'),
    ('220909', '22', '2209', U&'LA BANDA DE SHILCAYO'),
    ('220910', '22', '2209', U&'MORALES'),
    ('220911', '22', '2209', U&'PAPAPLAYA'),
    ('220912', '22', '2209', U&'SAN ANTONIO'),
    ('220913', '22', '2209', U&'SAUCE'),
    ('220914', '22', '2209', U&'SHAPAJA'),
    ('221001', '22', '2210', U&'TOCACHE'),
    ('221002', '22', '2210', U&'NUEVO PROGRESO'),
    ('221003', '22', '2210', U&'POLVORA'),
    ('221004', '22', '2210', U&'SHUNTE'),
    ('221005', '22', '2210', U&'UCHIZA'),
    ('221006', '22', '2210', U&'SANTA LUCIA'),
    ('230101', '23', '2301', U&'TACNA'),
    ('230102', '23', '2301', U&'ALTO DE LA ALIANZA'),
    ('230103', '23', '2301', U&'CALANA'),
    ('230104', '23', '2301', U&'CIUDAD NUEVA'),
    ('230105', '23', '2301', U&'INCLAN'),
    ('230106', '23', '2301', U&'PACHIA'),
    ('230107', '23', '2301', U&'PALCA'),
    ('230108', '23', '2301', U&'POCOLLAY'),
    ('230109', '23', '2301', U&'SAMA'),
    ('230110', '23', '2301', U&'CORONEL GREGORIO ALBARRACIN LANCHIPA'),
    ('230111', '23', '2301', U&'LA YARADA LOS PALOS'),
    ('230201', '23', '2302', U&'CANDARAVE'),
    ('230202', '23', '2302', U&'CAIRANI'),
    ('230203', '23', '2302', U&'CAMILACA'),
    ('230204', '23', '2302', U&'CURIBAYA'),
    ('230205', '23', '2302', U&'HUANUARA'),
    ('230206', '23', '2302', U&'QUILAHUANI'),
    ('230301', '23', '2303', U&'LOCUMBA'),
    ('230302', '23', '2303', U&'ILABAYA'),
    ('230303', '23', '2303', U&'ITE'),
    ('230401', '23', '2304', U&'TARATA'),
    ('230402', '23', '2304', U&'HEROES ALBARRACIN CHUCATAMANI'),
    ('230403', '23', '2304', U&'ESTIQUE'),
    ('230404', '23', '2304', U&'ESTIQUE-PAMPA'),
    ('230405', '23', '2304', U&'SITAJARA'),
    ('230406', '23', '2304', U&'SUSAPAYA'),
    ('230407', '23', '2304', U&'TARUCACHI'),
    ('230408', '23', '2304', U&'TICACO'),
    ('240101', '24', '2401', U&'TUMBES'),
    ('240102', '24', '2401', U&'CORRALES'),
    ('240103', '24', '2401', U&'LA CRUZ'),
    ('240104', '24', '2401', U&'PAMPAS DE HOSPITAL'),
    ('240105', '24', '2401', U&'SAN JACINTO'),
    ('240106', '24', '2401', U&'SAN JUAN DE LA VIRGEN'),
    ('240201', '24', '2402', U&'ZORRITOS'),
    ('240202', '24', '2402', U&'CASITAS'),
    ('240203', '24', '2402', U&'CANOAS DE PUNTA SAL'),
    ('240301', '24', '2403', U&'ZARUMILLA'),
    ('240302', '24', '2403', U&'AGUAS VERDES'),
    ('240303', '24', '2403', U&'MATAPALO'),
    ('240304', '24', '2403', U&'PAPAYAL'),
    ('250101', '25', '2501', U&'CALLERIA'),
    ('250102', '25', '2501', U&'CAMPOVERDE'),
    ('250103', '25', '2501', U&'IPARIA'),
    ('250104', '25', '2501', U&'MASISEA'),
    ('250105', '25', '2501', U&'YARINACOCHA'),
    ('250106', '25', '2501', U&'NUEVA REQUENA'),
    ('250107', '25', '2501', U&'MANANTAY'),
    ('250201', '25', '2502', U&'RAYMONDI'),
    ('250202', '25', '2502', U&'SEPAHUA'),
    ('250203', '25', '2502', U&'TAHUANIA'),
    ('250204', '25', '2502', U&'YURUA'),
    ('250301', '25', '2503', U&'PADRE ABAD'),
    ('250302', '25', '2503', U&'IRAZOLA'),
    ('250303', '25', '2503', U&'CURIMANA'),
    ('250304', '25', '2503', U&'NESHUYA'),
    ('250305', '25', '2503', U&'ALEXANDER VON HUMBOLDT'),
    ('250306', '25', '2503', U&'HUIPOCA'),
    ('250307', '25', '2503', U&'BOQUERON'),
    ('250401', '25', '2504', U&'PURUS')
ON CONFLICT (ubigeo) DO UPDATE SET
    department_ubigeo = EXCLUDED.department_ubigeo,
    province_ubigeo = EXCLUDED.province_ubigeo,
    name = EXCLUDED.name;

UPDATE clients c
SET province = p.name
FROM peru_provinces p
WHERE c.province_ubigeo = p.ubigeo;

UPDATE clients c
SET district = d.name
FROM peru_districts d
WHERE c.district_ubigeo = d.ubigeo;
